has,prefers,count
ChukwaArchiveKey,FieldTypeInfo,bean
ChukwaArchiveKey,RecordTypeInfo,bean
ChukwaArchiveKey,ChukwaArchiveKey$Comparator,bean
ChukwaArchiveKey,Record,bean
ChukwaArchiveKey,RecordOutput,bean
ChukwaArchiveKey,RecordInput,bean
ChukwaArchiveKey,Utils,bean
ChukwaArchiveKey,TypeID,bean
ChukwaArchiveKey,RecordComparator,bean
ChukwaArchiveKey$Comparator,ChukwaArchiveKey,no_match
ChukwaArchiveKey$Comparator,RecordComparator,no_match
ChukwaArchiveKey$Comparator,Utils,no_match
Chunk,Adaptor,io
ChunkBuilder,DataOutputBuffer,io
ChunkBuilder,ChunkImpl,io
ChunkBuilder,Chunk,io
ChunkImpl,Writable,io
ChunkImpl,Chunk,io
ChunkImpl,DataFactory,io
ChunkImpl,Adaptor,io
DataNodeClientTraceMapper,FSMIntermedEntry,adaptor
DataNodeClientTraceMapper,FSMType,adaptor
DataNodeClientTraceMapper,StateType,adaptor
DataNodeClientTraceMapper,HDFSState,adaptor
DataNodeClientTraceMapper,ChukwaRecordKey,adaptor
DataNodeClientTraceMapper,ChukwaRecord,adaptor
DataNodeClientTraceMapper,FSMBuilder,adaptor
DataNodeClientTraceMapper,MapReduceBase,adaptor
DataNodeClientTraceMapper,Mapper,adaptor
DataNodeClientTraceMapper,Log,adaptor
DataNodeClientTraceMapper,OutputCollector,adaptor
DataNodeClientTraceMapper,Reporter,adaptor
DataNodeClientTraceMapper,LogFactory,adaptor
FSMBuilder,JobConf,adaptor
FSMBuilder,FSMBuilder$FSMReducer,adaptor
FSMBuilder,ChukwaRecordKey,adaptor
FSMBuilder,ChukwaRecord,adaptor
FSMBuilder,SequenceFileInputFormat,adaptor
FSMBuilder,ChukwaRecordOutputFormat,adaptor
FSMBuilder,FSMIntermedEntryPartitioner,adaptor
FSMBuilder,FSMIntermedEntry,adaptor
FSMBuilder,Path,adaptor
FSMBuilder,Configuration,adaptor
FSMBuilder,Configured,adaptor
FSMBuilder,Tool,adaptor
FSMBuilder,FSMBuilder$AddInfoTypes,adaptor
FSMBuilder,Log,adaptor
FSMBuilder,FileInputFormat,adaptor
FSMBuilder,FileOutputFormat,adaptor
FSMBuilder,JobClient,adaptor
FSMBuilder,ToolRunner,adaptor
FSMBuilder,LogFactory,adaptor
FSMBuilder,RunningJob,adaptor
FSMBuilder$AddInfoTypes,FSMBuilder,no_match
FSMBuilder$FSMReducer,ChukwaRecord,no_match
FSMBuilder$FSMReducer,ChukwaOutputCollector,no_match
FSMBuilder$FSMReducer,FSMIntermedEntry,no_match
FSMBuilder$FSMReducer,ChukwaRecordKey,no_match
FSMBuilder$FSMReducer,FSMBuilder,no_match
FSMBuilder$FSMReducer,MapReduceBase,no_match
FSMBuilder$FSMReducer,Reducer,no_match
FSMBuilder$FSMReducer,OutputCollector,no_match
FSMBuilder$FSMReducer,Reporter,no_match
FSMBuilder$FSMReducer,Log,no_match
FSMBuilder$FSMReducer,StateType,no_match
FSMIntermedEntry,MapRedState,io
FSMIntermedEntry,HDFSState,io
FSMIntermedEntry,StateType,io
FSMIntermedEntry,FSMType,io
FSMIntermedEntry,WritableComparable,io
FSMIntermedEntryPartitioner,ChukwaRecordKey,bean
FSMIntermedEntryPartitioner,FSMIntermedEntry,bean
FSMIntermedEntryPartitioner,Partitioner,bean
FSMIntermedEntryPartitioner,JobConf,bean
JobHistoryTaskDataMapper,FSMIntermedEntry,adaptor
JobHistoryTaskDataMapper,FSMType,adaptor
JobHistoryTaskDataMapper,MapRedState,adaptor
JobHistoryTaskDataMapper,ChukwaRecordKey,adaptor
JobHistoryTaskDataMapper,StateType,adaptor
JobHistoryTaskDataMapper,ChukwaRecord,adaptor
JobHistoryTaskDataMapper,FSMBuilder,adaptor
JobHistoryTaskDataMapper,MapReduceBase,adaptor
JobHistoryTaskDataMapper,Mapper,adaptor
JobHistoryTaskDataMapper,Log,adaptor
JobHistoryTaskDataMapper,OutputCollector,adaptor
JobHistoryTaskDataMapper,Reporter,adaptor
JobHistoryTaskDataMapper,ParseUtilities,adaptor
JobHistoryTaskDataMapper,LogFactory,adaptor
ParseUtilities,FSMIntermedEntry,adaptor
TaskTrackerClientTraceMapper,FSMIntermedEntry,adaptor
TaskTrackerClientTraceMapper,FSMType,adaptor
TaskTrackerClientTraceMapper,StateType,adaptor
TaskTrackerClientTraceMapper,MapRedState,adaptor
TaskTrackerClientTraceMapper,ChukwaRecordKey,adaptor
TaskTrackerClientTraceMapper,ChukwaRecord,adaptor
TaskTrackerClientTraceMapper,FSMBuilder,adaptor
TaskTrackerClientTraceMapper,MapReduceBase,adaptor
TaskTrackerClientTraceMapper,Mapper,adaptor
TaskTrackerClientTraceMapper,Log,adaptor
TaskTrackerClientTraceMapper,OutputCollector,adaptor
TaskTrackerClientTraceMapper,Reporter,adaptor
TaskTrackerClientTraceMapper,LogFactory,adaptor
Heatmap,XssFilter,io
Heatmap,Display,io
Heatmap,Heatmap$1,io
Heatmap,ColorMap,io
Heatmap,GridLayout,io
Heatmap,ActionList,io
Heatmap,Table,io
Heatmap,Visualization,io
Heatmap,ShapeAction,io
Heatmap,SpecifiedLayout,io
Heatmap,OfflineTimeHandler,io
Heatmap,TimeHandler,io
Heatmap,DatabaseWriter,io
Heatmap,Macro,io
Heatmap,Heatmap$HeatmapData,io
Heatmap,Log,io
Heatmap,VisualTable,io
Heatmap,ColorLib,io
Heatmap,VisualItem,io
Heatmap,LogFactory,io
Heatmap,RendererFactory,io
Heatmap,Action,io
Heatmap,Activity,io
Heatmap$1,ShapeRenderer,no_match
Heatmap$1,AxisRenderer,no_match
Heatmap$1,PolygonRenderer,no_match
Heatmap$1,LabelRenderer,no_match
Heatmap$1,RendererFactory,no_match
Heatmap$1,AbstractShapeRenderer,no_match
Heatmap$1,Renderer,no_match
Heatmap$1,Heatmap,no_match
Heatmap$1,VisualItem,no_match
Heatmap$HeatmapData,Table,no_match
Heatmap$HeatmapData,Heatmap,no_match
Swimlanes,XssFilter,gui
Swimlanes,Display,gui
Swimlanes,Swimlanes$1,gui
Swimlanes,Table,gui
Swimlanes,Swimlanes$SwimlanesStatePalette,gui
Swimlanes,Visualization,gui
Swimlanes,Swimlanes$MapReduceSwimlanes,gui
Swimlanes,ActionList,gui
Swimlanes,AxisLayout,gui
Swimlanes,NumberRangeModel,gui
Swimlanes,Swimlanes$CoordScaler,gui
Swimlanes,Swimlanes$SwimlanesStateAction,gui
Swimlanes,AxisLabelLayout,gui
Swimlanes,SpecifiedLayout,gui
Swimlanes,ShapeAction,gui
Swimlanes,OfflineTimeHandler,gui
Swimlanes,TimeHandler,gui
Swimlanes,DatabaseWriter,gui
Swimlanes,Macro,gui
Swimlanes,DefaultSQLDataHandler,gui
Swimlanes,DataIOException,gui
Swimlanes,Log,gui
Swimlanes,ColumnMetadata,gui
Swimlanes,VisualTable,gui
Swimlanes,DatabaseDataSource,gui
Swimlanes,ColorLib,gui
Swimlanes,VisualItem,gui
Swimlanes,VisiblePredicate,gui
Swimlanes,ConnectionFactory,gui
Swimlanes,LogFactory,gui
Swimlanes,RendererFactory,gui
Swimlanes,Predicate,gui
Swimlanes,ValuedRangeModel,gui
Swimlanes,Action,gui
Swimlanes,Activity,gui
Swimlanes$1,ShapeRenderer,no_match
Swimlanes$1,AxisRenderer,no_match
Swimlanes$1,PolygonRenderer,no_match
Swimlanes$1,LabelRenderer,no_match
Swimlanes$1,RendererFactory,no_match
Swimlanes$1,AbstractShapeRenderer,no_match
Swimlanes$1,Renderer,no_match
Swimlanes$1,Swimlanes,no_match
Swimlanes$1,VisualItem,no_match
Swimlanes$CoordScaler,Swimlanes,no_match
Swimlanes$MapReduceSwimlanes,Table,no_match
Swimlanes$MapReduceSwimlanes,Predicate,no_match
Swimlanes$MapReduceSwimlanes,Tuple,no_match
Swimlanes$MapReduceSwimlanes,Swimlanes,no_match
Swimlanes$MapReduceSwimlanes,IntIterator,no_match
Swimlanes$MapReduceSwimlanes,Visualization,no_match
Swimlanes$MapReduceSwimlanes,VisualTable,no_match
Swimlanes$MapReduceSwimlanes,ExpressionParser,no_match
Swimlanes$MapReduceSwimlanes,Expression,no_match
Swimlanes$SwimlanesStateAction,Swimlanes$SwimlanesStatePalette,no_match
Swimlanes$SwimlanesStateAction,VisualItem,no_match
Swimlanes$SwimlanesStateAction,GroupAction,no_match
Swimlanes$SwimlanesStateAction,Swimlanes$CoordScaler,no_match
Swimlanes$SwimlanesStateAction,Swimlanes,no_match
Swimlanes$SwimlanesStateAction,Visualization,no_match
Swimlanes$SwimlanesStatePalette,ColorLib,no_match
Swimlanes$SwimlanesStatePalette,Swimlanes,no_match
ChukwaConfiguration,Path,xml
ChukwaConfiguration,Configuration,xml
ChukwaConfiguration,Logger,xml
Aggregator,Macro,security
Aggregator,DatabaseWriter,security
Aggregator,Log,security
Aggregator,LogFactory,security
DataExpiration,DatabaseConfig,security
DataExpiration,DatabaseWriter,security
DataExpiration,Log,security
DataExpiration,LogFactory,security
DatabaseConfig,Path,io
DatabaseConfig,Configuration,io
DatabaseConfig,Log,io
DatabaseConfig,LogFactory,io
Macro,DatabaseWriter,security
Macro,DatabaseConfig,security
Macro,Log,security
Macro,LogFactory,security
MetricsAggregation,DatabaseConfig,security
MetricsAggregation,Log,security
MetricsAggregation,DriverManagerUtil,security
MetricsAggregation,LogFactory,security
TableCreator,DatabaseConfig,security
TableCreator,DatabaseWriter,security
TableCreator,Log,security
TableCreator,ExceptionUtil,security
TableCreator,LogFactory,security
ChunkQueue,ChunkReceiver,adaptor
ChunkQueue,Chunk,adaptor
ChunkReceiver,Chunk,adaptor
DataFactory,MemLimitQueue,security
DataFactory,RetryListOfCollectors,security
DataFactory,Logger,security
DataFactory,ChunkQueue,security
DataFactory,Configuration,security
AbstractAdaptor,Adaptor,adaptor
AbstractAdaptor,ChunkReceiver,adaptor
AbstractAdaptor,AdaptorManager,adaptor
AbstractAdaptor,AdaptorException,adaptor
AbstractAdaptor,AdaptorShutdownPolicy,adaptor
AbstractWrapper,NotifyOnCommitAdaptor,adaptor
AbstractWrapper,ChunkReceiver,adaptor
AbstractWrapper,Adaptor,adaptor
AbstractWrapper,AdaptorManager,adaptor
AbstractWrapper,AdaptorShutdownPolicy,adaptor
AbstractWrapper,AdaptorException,adaptor
AbstractWrapper,Chunk,adaptor
AbstractWrapper,AdaptorFactory,adaptor
Adaptor,ChunkReceiver,adaptor
Adaptor,AdaptorException,adaptor
Adaptor,AdaptorManager,adaptor
Adaptor,AdaptorShutdownPolicy,adaptor
DirTailingAdaptor,AdaptorException,adaptor
DirTailingAdaptor,WildcardFileFilter,adaptor
DirTailingAdaptor,AbstractAdaptor,adaptor
DirTailingAdaptor,Logger,adaptor
DirTailingAdaptor,IOFileFilter,adaptor
DirTailingAdaptor,AdaptorShutdownPolicy,adaptor
DirTailingAdaptor,AdaptorManager,adaptor
DirTailingAdaptor,Configuration,adaptor
DirTailingAdaptor,FileFilterUtils,adaptor
DirTailingAdaptor,FileUtils,adaptor
DirTailingAdaptor,Adaptor,adaptor
ExecAdaptor,ExecAdaptor$EmbeddedExec,adaptor
ExecAdaptor,ExecAdaptor$RunToolTask,adaptor
ExecAdaptor,AbstractAdaptor,adaptor
ExecAdaptor,ExecAdaptor$1,adaptor
ExecAdaptor,Logger,adaptor
ExecAdaptor,AdaptorShutdownPolicy,adaptor
ExecAdaptor,AdaptorException,adaptor
ExecAdaptor$1,ExecAdaptor,no_match
ExecAdaptor$1,AdaptorShutdownPolicy,no_match
ExecAdaptor$EmbeddedExec,ExecPlugin,no_match
ExecAdaptor$EmbeddedExec,ExecAdaptor,no_match
ExecAdaptor$RunToolTask,ISO8601DateFormat,no_match
ExecAdaptor$RunToolTask,ChunkImpl,no_match
ExecAdaptor$RunToolTask,JSONException,no_match
ExecAdaptor$RunToolTask,ExecAdaptor,no_match
ExecAdaptor$RunToolTask,JSONObject,no_match
ExecAdaptor$RunToolTask,Logger,no_match
ExecAdaptor$RunToolTask,ExecAdaptor$EmbeddedExec,no_match
ExecAdaptor$RunToolTask,AdaptorManager,no_match
ExecAdaptor$RunToolTask,ChunkReceiver,no_match
ExecAdaptor$RunToolTask,Adaptor,no_match
ExecAdaptor$RunToolTask,Chunk,no_match
FileAdaptor,ChunkImpl,adaptor
FileAdaptor,FileAdaptorTailer,adaptor
FileAdaptor,AbstractAdaptor,adaptor
FileAdaptor,FileAdaptor$1,adaptor
FileAdaptor,Logger,adaptor
FileAdaptor,AdaptorShutdownPolicy,adaptor
FileAdaptor,ChunkReceiver,adaptor
FileAdaptor,AdaptorManager,adaptor
FileAdaptor,Configuration,adaptor
FileAdaptor,Adaptor,adaptor
FileAdaptor,Chunk,adaptor
FileAdaptor$1,FileAdaptor,no_match
FileAdaptor$1,AdaptorShutdownPolicy,no_match
FileAdaptorTailer,FileAdaptor,no_match
FileAdaptorTailer,Logger,no_match
FileAdaptorTailer,Configuration,no_match
FileAdaptorTailer,ChukwaAgent,no_match
MemBuffered,MemBuffered$MemBuf,adaptor
MemBuffered,Chunk,adaptor
MemBuffered,AdaptorException,adaptor
MemBuffered,AbstractWrapper,adaptor
MemBuffered,ChunkReceiver,adaptor
MemBuffered,AdaptorShutdownPolicy,adaptor
MemBuffered,AdaptorManager,adaptor
MemBuffered,Configuration,adaptor
MemBuffered,Adaptor,adaptor
MemBuffered$MemBuf,Chunk,no_match
MemBuffered$MemBuf,MemBuffered,no_match
NotifyOnCommitAdaptor,Adaptor,adaptor
UDPAdaptor,UDPAdaptor$ListenThread,adaptor
UDPAdaptor,AdaptorException,adaptor
UDPAdaptor,AbstractAdaptor,adaptor
UDPAdaptor,Logger,adaptor
UDPAdaptor,AdaptorShutdownPolicy,adaptor
UDPAdaptor$ListenThread,ChunkImpl,no_match
UDPAdaptor$ListenThread,UDPAdaptor,no_match
UDPAdaptor$ListenThread,Chunk,no_match
UDPAdaptor$ListenThread,Logger,no_match
UDPAdaptor$ListenThread,ChunkReceiver,no_match
UDPAdaptor$ListenThread,Adaptor,no_match
WriteaheadBuffered,AdaptorException,adaptor
WriteaheadBuffered,AbstractWrapper,adaptor
WriteaheadBuffered,Logger,adaptor
WriteaheadBuffered,Chunk,adaptor
WriteaheadBuffered,ChunkReceiver,adaptor
WriteaheadBuffered,AdaptorShutdownPolicy,adaptor
WriteaheadBuffered,ChunkImpl,adaptor
WriteaheadBuffered,Adaptor,adaptor
CharFileTailingAdaptorUTF8,ChunkImpl,adaptor
CharFileTailingAdaptorUTF8,FileTailingAdaptor,adaptor
CharFileTailingAdaptorUTF8,ChunkReceiver,adaptor
CharFileTailingAdaptorUTF8,Adaptor,adaptor
CharFileTailingAdaptorUTF8,Chunk,adaptor
CharFileTailingAdaptorUTF8NewLineEscaped,ChunkImpl,adaptor
CharFileTailingAdaptorUTF8NewLineEscaped,FileTailingAdaptor,adaptor
CharFileTailingAdaptorUTF8NewLineEscaped,ChunkReceiver,adaptor
CharFileTailingAdaptorUTF8NewLineEscaped,RecordConstants,adaptor
CharFileTailingAdaptorUTF8NewLineEscaped,Adaptor,adaptor
CharFileTailingAdaptorUTF8NewLineEscaped,Chunk,adaptor
FileTailer,LWFTAdaptor,adaptor
FileTailer,Logger,adaptor
FileTailer,Configuration,adaptor
FileTailingAdaptor,TerminatorThread,io
FileTailingAdaptor,LWFTAdaptor,io
FileTailingAdaptor,FileTailingAdaptor$1,io
FileTailingAdaptor,AdaptorShutdownPolicy,io
FileTailingAdaptor,Logger,io
FileTailingAdaptor,FileTailer,io
FileTailingAdaptor$1,FileTailingAdaptor,no_match
FileTailingAdaptor$1,AdaptorShutdownPolicy,no_match
LWFTAdaptor,FileTailer,io
LWFTAdaptor,ChunkImpl,io
LWFTAdaptor,FileTailingAdaptor,io
LWFTAdaptor,AbstractAdaptor,io
LWFTAdaptor,Logger,io
LWFTAdaptor,Configuration,io
LWFTAdaptor,AdaptorShutdownPolicy,io
LWFTAdaptor,AdaptorException,io
LWFTAdaptor,ChunkReceiver,io
LWFTAdaptor,AdaptorManager,io
LWFTAdaptor,Adaptor,io
LWFTAdaptor,Chunk,io
RCheckFTAdaptor,RCheckFTAdaptor$FPair,io
RCheckFTAdaptor,LWFTAdaptor,io
RCheckFTAdaptor,Logger,io
RCheckFTAdaptor$FPair,RCheckFTAdaptor,no_match
TerminatorThread,Logger,adaptor
TerminatorThread,FileTailingAdaptor,adaptor
AdaptorFactory,Adaptor,adaptor
AdaptorFactory,ChukwaAgent,adaptor
AdaptorFactory,Logger,adaptor
AdaptorManager,AdaptorManager$1,adaptor
AdaptorManager,Configuration,adaptor
AdaptorManager,AdaptorShutdownPolicy,adaptor
AdaptorManager,Adaptor,adaptor
AdaptorManager$1,Configuration,no_match
AdaptorManager$1,AdaptorManager,no_match
AdaptorManager$1,Adaptor,no_match
AdaptorManager$1,AdaptorShutdownPolicy,no_match
AdaptorResetThread,AdaptorResetThread$AdaptorStat,adaptor
AdaptorResetThread,Adaptor,adaptor
AdaptorResetThread,ChukwaHttpSender$CommitListEntry,adaptor
AdaptorResetThread,Logger,adaptor
AdaptorResetThread,ChukwaAgent,adaptor
AdaptorResetThread,Configuration,adaptor
AdaptorResetThread,ChukwaAgent$Offset,adaptor
AdaptorResetThread,AdaptorShutdownPolicy,adaptor
AdaptorResetThread,ChukwaHttpSender,adaptor
AdaptorResetThread$AdaptorStat,AdaptorResetThread,no_match
AgentControlSocketListener,AgentControlSocketListener$ListenThread,security
AgentControlSocketListener,Logger,security
AgentControlSocketListener,ChukwaAgent,security
AgentControlSocketListener,Configuration,security
AgentControlSocketListener$ListenThread,AdaptorException,no_match
AgentControlSocketListener$ListenThread,AgentControlSocketListener,no_match
AgentControlSocketListener$ListenThread,Logger,no_match
AgentControlSocketListener$ListenThread,ChukwaAgent,no_match
AgentControlSocketListener$ListenThread,AdaptorShutdownPolicy,no_match
AgentControlSocketListener$ListenThread,Connector,no_match
ChukwaAgent,ConsoleOutConnector,adaptor
ChukwaAgent,HttpConnector,adaptor
ChukwaAgent,ChukwaAgent$AlreadyRunningException,adaptor
ChukwaAgent,Configuration,adaptor
ChukwaAgent,AgentControlSocketListener,adaptor
ChukwaAgent,ChukwaAgent$CheckpointTask,adaptor
ChukwaAgent,AdaptorException,adaptor
ChukwaAgent,ChukwaAgent$Offset,adaptor
ChukwaAgent,Adaptor,adaptor
ChukwaAgent,ChukwaAgent$1,adaptor
ChukwaAgent,NotifyOnCommitAdaptor,adaptor
ChukwaAgent,Path,adaptor
ChukwaAgent,AgentMetrics,adaptor
ChukwaAgent,AdaptorManager,adaptor
ChukwaAgent,Logger,adaptor
ChukwaAgent,Connector,adaptor
ChukwaAgent,AdaptorShutdownPolicy,adaptor
ChukwaAgent,DaemonWatcher,adaptor
ChukwaAgent,DataFactory,adaptor
ChukwaAgent,AdaptorFactory,adaptor
ChukwaAgent,AdaptorNamingUtils,adaptor
ChukwaAgent,MetricsIntValue,adaptor
ChukwaAgent,MetricsTimeVaryingInt,adaptor
ChukwaAgent,ChunkQueue,adaptor
ChukwaAgent,ChunkReceiver,adaptor
ChukwaAgent$1,ChukwaAgent,no_match
ChukwaAgent$AlreadyRunningException,ChukwaAgent,no_match
ChukwaAgent$CheckpointTask,ChukwaAgent,no_match
ChukwaAgent$CheckpointTask,ChukwaAgent$1,no_match
ChukwaAgent$CheckpointTask,Logger,no_match
ChukwaAgent$Offset,ChukwaAgent,no_match
MemLimitQueue,Chunk,adaptor
MemLimitQueue,WaitingQueue,adaptor
MemLimitQueue,ChunkQueueMetrics,adaptor
MemLimitQueue,ChunkQueue,adaptor
MemLimitQueue,Logger,adaptor
MemLimitQueue,MetricsIntValue,adaptor
MemLimitQueue,MetricsTimeVaryingInt,adaptor
MemLimitQueue,MetricsLongValue,adaptor
WaitingQueue,ChunkQueue,adaptor
WaitingQueue,Logger,adaptor
WaitingQueue,Chunk,adaptor
AgentActivityMBean,MetricsDynamicMBeanBase,bean
AgentActivityMBean,MetricsRegistry,bean
AgentActivityMBean,MBeanUtil,bean
AgentMetrics,MetricsRegistry,adaptor
AgentMetrics,MetricsIntValue,adaptor
AgentMetrics,MetricsTimeVaryingInt,adaptor
AgentMetrics,AgentActivityMBean,adaptor
AgentMetrics,MetricsBase,adaptor
AgentMetrics,Updater,adaptor
AgentMetrics,MetricsRecord,adaptor
AgentMetrics,MetricsContext,adaptor
AgentMetrics,MetricsUtil,adaptor
ChunkQueueActivityMBean,MetricsDynamicMBeanBase,no_match
ChunkQueueActivityMBean,MetricsRegistry,no_match
ChunkQueueActivityMBean,MBeanUtil,no_match
ChunkQueueMetrics,MetricsRegistry,bean
ChunkQueueMetrics,MetricsIntValue,bean
ChunkQueueMetrics,MetricsLongValue,bean
ChunkQueueMetrics,MetricsTimeVaryingInt,bean
ChunkQueueMetrics,ChunkQueueActivityMBean,bean
ChunkQueueMetrics,MetricsBase,bean
ChunkQueueMetrics,Updater,bean
ChunkQueueMetrics,MetricsRecord,bean
ChunkQueueMetrics,MetricsContext,bean
ChunkQueueMetrics,MetricsUtil,bean
CollectorStub,ChukwaConfiguration,security
CollectorStub,ServletCollector,security
CollectorStub,ConsoleWriter,security
CollectorStub,SelectChannelConnector,security
CollectorStub,Server,security
CollectorStub,Connector,security
CollectorStub,BoundedThreadPool,security
CollectorStub,Context,security
CollectorStub,ServletHolder,security
CollectorStub,CommitCheckServlet,security
CollectorStub,LogDisplayServlet,security
CollectorStub,ChukwaWriter,security
CollectorStub,DaemonWatcher,security
CollectorStub,Configuration,security
CollectorStub,ThreadPool,security
CollectorStub,HandlerContainer,security
CommitCheckServlet,CommitCheckServlet$CommitCheckThread,io
CommitCheckServlet,Logger,io
CommitCheckServlet,Configuration,io
CommitCheckServlet,FileSystem,io
CommitCheckServlet$CommitCheckThread,Path,no_match
CommitCheckServlet$CommitCheckThread,CommitCheckServlet$CommitCheckThread$PurgeTask,no_match
CommitCheckServlet$CommitCheckThread,CHUKWA_CONSTANT,no_match
CommitCheckServlet$CommitCheckThread,FileSystem,no_match
CommitCheckServlet$CommitCheckThread,Configuration,no_match
CommitCheckServlet$CommitCheckThread,FileStatus,no_match
CommitCheckServlet$CommitCheckThread,CommitCheckServlet,no_match
CommitCheckServlet$CommitCheckThread,Logger,no_match
CommitCheckServlet$CommitCheckThread,SinkArchiver,no_match
CommitCheckServlet$CommitCheckThread,PathFilter,no_match
CommitCheckServlet$CommitCheckThread$PurgeTask,CommitCheckServlet$CommitCheckThread,no_match
CommitCheckServlet$CommitCheckThread$PurgeTask,CommitCheckServlet,no_match
LogDisplayServlet,Configuration,security
LogDisplayServlet,Chunk,security
LogDisplayServlet,Logger,security
LogDisplayServlet,ExtractorWriter,security
ServletCollector,ServletCollector$1,security
ServletCollector,SeqFileWriter,security
ServletCollector,ChukwaWriter,security
ServletCollector,ServletDiagnostics,security
ServletCollector,Chunk,security
ServletCollector,ChukwaWriter$COMMIT_PENDING,security
ServletCollector,WriterException,security
ServletCollector,Logger,security
ServletCollector,Configuration,security
ServletCollector,ChunkImpl,security
ServletCollector,ChukwaWriter$CommitStatus,security
ServletCollector,DaemonWatcher,security
ServletCollector$1,ServletCollector,no_match
ServletCollector$1,Logger,no_match
ServletDiagnostics,ServletDiagnostics$PostStats,io
ServletDiagnostics,Logger,io
ServletDiagnostics,ChunkImpl,io
ServletDiagnostics$PostStats,ChunkImpl,no_match
ServletDiagnostics$PostStats,ServletDiagnostics,no_match
ServletDiagnostics$PostStats,Logger,no_match
ChunkCatcherConnector,ChunkCatcherConnector$Interruptor,adaptor
ChunkCatcherConnector,Chunk,adaptor
ChunkCatcherConnector,Connector,adaptor
ChunkCatcherConnector,ChunkQueue,adaptor
ChunkCatcherConnector,DataFactory,adaptor
ChunkCatcherConnector$Interruptor,ChunkCatcherConnector,no_match
HttpConnector,HttpConnector$1,security
HttpConnector,AsyncAckSender,security
HttpConnector,ChukwaHttpSender,security
HttpConnector,ChukwaHttpSender$CommitListEntry,security
HttpConnector,Connector,security
HttpConnector,Logger,security
HttpConnector,ChunkQueue,security
HttpConnector,ChukwaAgent,security
HttpConnector,ChukwaSender,security
HttpConnector,Configuration,security
HttpConnector,Chunk,security
HttpConnector,DataFactory,security
HttpConnector,DaemonWatcher,security
HttpConnector,Adaptor,security
HttpConnector$1,HttpConnector,no_match
HttpConnector$1,Logger,no_match
ChukwaAgentController,ChukwaAgentController$Adaptor,adaptor
ChukwaAgentController,ChukwaAgentController$AddAdaptorTask,adaptor
ChukwaAgentController,Logger,adaptor
ChukwaAgentController$Adaptor,ChukwaAgentController,no_match
ChukwaAgentController$Adaptor,Logger,no_match
ChukwaAgentController$AddAdaptorTask,ChukwaAgentController,no_match
ChukwaAgentController$AddAdaptorTask,Logger,no_match
ClientFinalizer,ChukwaAgentController,no_match
ClientFinalizer,LogLog,no_match
AsyncAckSender,AdaptorResetThread,adaptor
AsyncAckSender,RetryListOfCollectors,adaptor
AsyncAckSender,AsyncAckSender$CommitPollThread,adaptor
AsyncAckSender,AsyncAckSender$DelayedCommit,adaptor
AsyncAckSender,ChukwaHttpSender$CommitListEntry,adaptor
AsyncAckSender,ChukwaHttpSender,adaptor
AsyncAckSender,Logger,adaptor
AsyncAckSender,ChukwaAgent,adaptor
AsyncAckSender,Configuration,adaptor
AsyncAckSender,PostMethod,adaptor
AsyncAckSender,DataFactory,adaptor
AsyncAckSender,Adaptor,adaptor
AsyncAckSender,HttpMethodBase,adaptor
AsyncAckSender$CommitPollThread,ChukwaHttpSender,no_match
AsyncAckSender$CommitPollThread,AsyncAckSender$DelayedCommit,no_match
AsyncAckSender$CommitPollThread,GetMethod,no_match
AsyncAckSender$CommitPollThread,AsyncAckSender,no_match
AsyncAckSender$CommitPollThread,Configuration,no_match
AsyncAckSender$CommitPollThread,ChukwaAgent$Offset,no_match
AsyncAckSender$CommitPollThread,Adaptor,no_match
AsyncAckSender$CommitPollThread,Logger,no_match
AsyncAckSender$CommitPollThread,ChukwaAgent,no_match
AsyncAckSender$CommitPollThread,AdaptorResetThread,no_match
AsyncAckSender$CommitPollThread,HttpMethodBase,no_match
AsyncAckSender$DelayedCommit,ChukwaHttpSender$CommitListEntry,no_match
AsyncAckSender$DelayedCommit,Adaptor,no_match
AsyncAckSender$DelayedCommit,AsyncAckSender,no_match
AsyncAckSender$DelayedCommit,ChukwaHttpSender,no_match
ChukwaHttpSender,Chunk,io
ChukwaHttpSender,DataOutputBuffer,io
ChukwaHttpSender,ChukwaHttpSender$CommitListEntry,io
ChukwaHttpSender,ChukwaHttpSender$BuffersRequestEntity,io
ChukwaHttpSender,PostMethod,io
ChukwaHttpSender,ChukwaHttpSender$1,io
ChukwaHttpSender,HttpException,io
ChukwaHttpSender,HttpSenderMetrics,io
ChukwaHttpSender,MultiThreadedHttpConnectionManager,io
ChukwaHttpSender,HttpClient,io
ChukwaHttpSender,ChukwaSender,io
ChukwaHttpSender,Logger,io
ChukwaHttpSender,Configuration,io
ChukwaHttpSender,RequestEntity,io
ChukwaHttpSender,HttpMethodBase,io
ChukwaHttpSender,HttpMethodParams,io
ChukwaHttpSender,MetricsTimeVaryingInt,io
ChukwaHttpSender,Adaptor,io
ChukwaHttpSender,HttpMethod,io
ChukwaHttpSender,StatusLine,io
ChukwaHttpSender,HttpConnectionManager,io
ChukwaHttpSender$1,HttpMethodRetryHandler,no_match
ChukwaHttpSender$1,ChukwaHttpSender,no_match
ChukwaHttpSender$1,HttpMethod,no_match
ChukwaHttpSender$1,HttpMethodBase,no_match
ChukwaHttpSender$BuffersRequestEntity,DataOutputBuffer,no_match
ChukwaHttpSender$BuffersRequestEntity,RequestEntity,no_match
ChukwaHttpSender$BuffersRequestEntity,ChukwaHttpSender,no_match
ChukwaHttpSender$CommitListEntry,Adaptor,no_match
ChukwaHttpSender$CommitListEntry,ChukwaHttpSender,no_match
ChukwaSender,ChukwaHttpSender$CommitListEntry,adaptor
ChukwaSender,Chunk,adaptor
ChukwaSender,ChukwaHttpSender,adaptor
RetryListOfCollectors,Configuration,security
HttpSenderActivityMBean,MetricsDynamicMBeanBase,xml
HttpSenderActivityMBean,MetricsRegistry,xml
HttpSenderActivityMBean,MBeanUtil,xml
HttpSenderMetrics,MetricsRegistry,adaptor
HttpSenderMetrics,MetricsTimeVaryingInt,adaptor
HttpSenderMetrics,HttpSenderActivityMBean,adaptor
HttpSenderMetrics,MetricsBase,adaptor
HttpSenderMetrics,Updater,adaptor
HttpSenderMetrics,MetricsRecord,adaptor
HttpSenderMetrics,MetricsContext,adaptor
HttpSenderMetrics,MetricsUtil,adaptor
ConsoleOutConnector,Chunk,adaptor
ConsoleOutConnector,Connector,adaptor
ConsoleOutConnector,ChukwaAgent,adaptor
ConsoleOutConnector,ChunkQueue,adaptor
ConsoleOutConnector,DataFactory,adaptor
ConsoleOutConnector,Adaptor,adaptor
FilePerPostWriter,Path,adaptor
FilePerPostWriter,ChukwaArchiveKey,adaptor
FilePerPostWriter,ChunkImpl,adaptor
FilePerPostWriter,Chunk,adaptor
FilePerPostWriter,WriterException,adaptor
FilePerPostWriter,SeqFileWriter$StatReportingTask,adaptor
FilePerPostWriter,SeqFileWriter,adaptor
FilePerPostWriter,FileSystem,adaptor
FilePerPostWriter,Configuration,adaptor
FilePerPostWriter,ChukwaWriter$CommitStatus,adaptor
FilePerPostWriter,FSDataOutputStream,adaptor
FilePerPostWriter,SequenceFile$Writer,adaptor
FilePerPostWriter,SequenceFile$CompressionType,adaptor
FilePerPostWriter,SequenceFile,adaptor
FilePerPostWriter,ChukwaWriter,adaptor
FilePerPostWriter,CompressionCodec,adaptor
FileTailerStressTest,Server,adaptor
FileTailerStressTest,Context,adaptor
FileTailerStressTest,Configuration,adaptor
FileTailerStressTest,ServletCollector,adaptor
FileTailerStressTest,ConsoleWriter,adaptor
FileTailerStressTest,ServletHolder,adaptor
FileTailerStressTest,ChukwaAgent,adaptor
FileTailerStressTest,HttpConnector,adaptor
FileTailerStressTest,ChukwaConfiguration,adaptor
FileTailerStressTest,ChukwaAgentController,adaptor
FileTailerStressTest,FileTailerStressTest$OccasionalWriterThread,adaptor
FileTailerStressTest,HandlerContainer,adaptor
FileTailerStressTest,ChukwaWriter,adaptor
FileTailerStressTest$OccasionalWriterThread,FileTailerStressTest,no_match
SinkFileValidator,Configuration,security
SinkFileValidator,SequenceFile$Reader,security
SinkFileValidator,Path,security
SinkFileValidator,ChukwaArchiveKey,security
SinkFileValidator,Writable,security
SinkFileValidator,FileSystem,security
SinkFileValidator,ChunkImpl,security
SinkFileValidator,SequenceFile,security
SinkFileValidator,LocalFileSystem,security
ChukwaWriter,ChukwaWriter$1,io
ChukwaWriter,ChukwaWriter$2,io
ChukwaWriter,ChukwaWriter$COMMIT_PENDING,io
ChukwaWriter,ChukwaWriter$CommitStatus,io
ChukwaWriter,Configuration,io
ChukwaWriter,WriterException,io
ChukwaWriter,Chunk,io
ChukwaWriter$1,ChukwaWriter$CommitStatus,no_match
ChukwaWriter$1,ChukwaWriter,no_match
ChukwaWriter$2,ChukwaWriter$CommitStatus,no_match
ChukwaWriter$2,ChukwaWriter,no_match
ChukwaWriter$COMMIT_PENDING,ChukwaWriter$CommitStatus,no_match
ChukwaWriter$COMMIT_PENDING,ChukwaWriter,no_match
ChukwaWriter$CommitStatus,ChukwaWriter,no_match
ClientAck,Logger,security
ConsoleWriter,ConsoleWriter$StatReportingTask,io
ConsoleWriter,Chunk,io
ConsoleWriter,ChukwaWriter,io
ConsoleWriter,ConsoleWriter$1,io
ConsoleWriter,Configuration,io
ConsoleWriter,WriterException,io
ConsoleWriter,ChukwaWriter$CommitStatus,io
ConsoleWriter$1,ConsoleWriter,no_match
ConsoleWriter$StatReportingTask,ConsoleWriter,no_match
ConsoleWriter$StatReportingTask,ConsoleWriter$1,no_match
Dedup,Chunk,security
Dedup,Dedup$DedupKey,security
Dedup,Dedup$FixedSizeCache,security
Dedup,PipelineableWriter,security
Dedup,ChukwaWriter$CommitStatus,security
Dedup,WriterException,security
Dedup,Configuration,security
Dedup,ChukwaWriter,security
Dedup$DedupKey,Dedup,no_match
Dedup$FixedSizeCache,Dedup,no_match
ExtractorWriter,PipelineableWriter,adaptor
ExtractorWriter,LogDisplayServlet,adaptor
ExtractorWriter,WriterException,adaptor
ExtractorWriter,Configuration,adaptor
ExtractorWriter,ChukwaWriter$CommitStatus,adaptor
ExtractorWriter,Chunk,adaptor
ExtractorWriter,ChukwaWriter,adaptor
InMemoryWriter,WriterException,io
InMemoryWriter,Chunk,io
InMemoryWriter,ChukwaWriter,io
InMemoryWriter,Configuration,io
InMemoryWriter,ChukwaWriter$CommitStatus,io
InMemoryWriter,ChunkImpl,io
NullWriter,Chunk,adaptor
NullWriter,ChukwaWriter,adaptor
NullWriter,ChukwaWriter$CommitStatus,adaptor
NullWriter,WriterException,adaptor
NullWriter,Configuration,adaptor
PipelineStageWriter,PipelineableWriter,security
PipelineStageWriter,ChukwaWriter,security
PipelineStageWriter,WriterException,security
PipelineStageWriter,Logger,security
PipelineStageWriter,ChukwaWriter$CommitStatus,security
PipelineStageWriter,Chunk,security
PipelineStageWriter,Configuration,security
PipelineableWriter,ChukwaWriter,adaptor
PipelineableWriter,ChukwaWriter$CommitStatus,adaptor
PipelineableWriter,Chunk,adaptor
PipelineableWriter,WriterException,adaptor
SeqFileWriter,WriterException,security
SeqFileWriter,SeqFileWriter$StatReportingTask,security
SeqFileWriter,Path,security
SeqFileWriter,ChukwaArchiveKey,security
SeqFileWriter,ChunkImpl,security
SeqFileWriter,SeqFileWriter$1,security
SeqFileWriter,ChukwaWriter$COMMIT_PENDING,security
SeqFileWriter,Chunk,security
SeqFileWriter,PipelineableWriter,security
SeqFileWriter,ChukwaWriter,security
SeqFileWriter,Logger,security
SeqFileWriter,FileSystem,security
SeqFileWriter,Configuration,security
SeqFileWriter,FSDataOutputStream,security
SeqFileWriter,SequenceFile$Writer,security
SeqFileWriter,ChukwaWriter$CommitStatus,security
SeqFileWriter,DaemonWatcher,security
SeqFileWriter,SequenceFile$CompressionType,security
SeqFileWriter,SequenceFile,security
SeqFileWriter,CompressionCodec,security
SeqFileWriter$1,SeqFileWriter,no_match
SeqFileWriter$StatReportingTask,SeqFileWriter,no_match
SeqFileWriter$StatReportingTask,Logger,no_match
SocketTeeWriter,SocketTeeWriter$Tee,security
SocketTeeWriter,Chunk,security
SocketTeeWriter,SocketTeeWriter$SocketListenThread,security
SocketTeeWriter,WriterException,security
SocketTeeWriter,PipelineableWriter,security
SocketTeeWriter,SocketTeeWriter$DataFormat,security
SocketTeeWriter,Logger,security
SocketTeeWriter,ChukwaWriter,security
SocketTeeWriter,ChukwaWriter$CommitStatus,security
SocketTeeWriter,Configuration,security
SocketTeeWriter$DataFormat,SocketTeeWriter,no_match
SocketTeeWriter$SocketListenThread,SocketTeeWriter$Tee,no_match
SocketTeeWriter$SocketListenThread,SocketTeeWriter,no_match
SocketTeeWriter$SocketListenThread,Configuration,no_match
SocketTeeWriter$SocketListenThread,Logger,no_match
SocketTeeWriter$Tee,Chunk,no_match
SocketTeeWriter$Tee,Filter,no_match
SocketTeeWriter$Tee,SocketTeeWriter$DataFormat,no_match
SocketTeeWriter$Tee,SocketTeeWriter,no_match
SocketTeeWriter$Tee,Logger,no_match
LocalToRemoteHdfsMover,Path,security
LocalToRemoteHdfsMover,Logger,security
LocalToRemoteHdfsMover,FileSystem,security
LocalToRemoteHdfsMover,Configuration,security
LocalToRemoteHdfsMover,FileStatus,security
LocalToRemoteHdfsMover,DaemonWatcher,security
LocalToRemoteHdfsMover,LocalFileSystem,security
LocalWriter,Path,security
LocalWriter,WriterException,security
LocalWriter,LocalWriter$RotateTask,security
LocalWriter,LocalWriter$StatReportingTask,security
LocalWriter,LocalToRemoteHdfsMover,security
LocalWriter,ChukwaArchiveKey,security
LocalWriter,Chunk,security
LocalWriter,ChunkImpl,security
LocalWriter,ChukwaWriter,security
LocalWriter,LocalWriter$1,security
LocalWriter,Logger,security
LocalWriter,FileSystem,security
LocalWriter,Configuration,security
LocalWriter,FSDataOutputStream,security
LocalWriter,SequenceFile$Writer,security
LocalWriter,FileStatus,security
LocalWriter,ChukwaWriter$CommitStatus,security
LocalWriter,DaemonWatcher,security
LocalWriter,SequenceFile$CompressionType,security
LocalWriter,SequenceFile,security
LocalWriter,LocalFileSystem,security
LocalWriter,CompressionCodec,security
LocalWriter$1,LocalWriter,no_match
LocalWriter$RotateTask,LocalWriter,no_match
LocalWriter$RotateTask,LocalWriter$1,no_match
LocalWriter$StatReportingTask,LocalWriter,no_match
LocalWriter$StatReportingTask,LocalWriter$1,no_match
LocalWriter$StatReportingTask,Logger,no_match
DataLoaderFactory,ChukwaConfiguration,adaptor
DataLoaderFactory,FileSystem,adaptor
DataLoaderFactory,FileStatus,adaptor
DataLoaderFactory,Log,adaptor
DataLoaderFactory,LogFactory,adaptor
FSMDataLoader,Configuration,security
FSMDataLoader,Path,security
FSMDataLoader,FSMBuilder,security
FSMDataLoader,MetricDataLoader,security
FSMDataLoader,DataLoaderFactory,security
FSMDataLoader,Log,security
FSMDataLoader,ChukwaConfiguration,security
FSMDataLoader,FileSystem,security
FSMDataLoader,FileStatus,security
FSMDataLoader,ToolRunner,security
FSMDataLoader,ExceptionUtil,security
FSMDataLoader,LogFactory,security
FSMDataLoader,Tool,security
MetricDataLoader,Path,security
MetricDataLoader,DatabaseConfig,security
MetricDataLoader,ClusterConfig,security
MetricDataLoader,DatabaseWriter,security
MetricDataLoader,SequenceFile$Reader,security
MetricDataLoader,ChukwaRecordKey,security
MetricDataLoader,ChukwaRecord,security
MetricDataLoader,ChukwaConfiguration,security
MetricDataLoader,Log,security
MetricDataLoader,FileSystem,security
MetricDataLoader,SequenceFile,security
MetricDataLoader,RecordUtil,security
MetricDataLoader,ExceptionUtil,security
MetricDataLoader,LogFactory,security
MetricDataLoader,Configuration,security
MetricDataLoader,Writable,security
MetricDataLoader,Record,security
MetricDataLoaderPool,MetricDataLoader,security
MetricDataLoaderPool,DataLoaderFactory,security
MetricDataLoaderPool,Log,security
MetricDataLoaderPool,ChukwaConfiguration,security
MetricDataLoaderPool,FileSystem,security
MetricDataLoaderPool,FileStatus,security
MetricDataLoaderPool,Path,security
MetricDataLoaderPool,ExceptionUtil,security
MetricDataLoaderPool,LogFactory,security
SocketDataLoader,ChukwaConfiguration,security
SocketDataLoader,Logger,security
SocketDataLoader,Chunk,security
SocketDataLoader,DataFactory,security
SocketDataLoader,ExceptionUtil,security
SocketDataLoader,ChunkImpl,security
SocketDataLoader,Configuration,security
UserStore,Path,security
UserStore,JSONObject,security
UserStore,UserBean,security
UserStore,JSONArray,security
UserStore,Configuration,security
UserStore,ChukwaConfiguration,security
UserStore,Log,security
UserStore,FileStatus,security
UserStore,FSDataInputStream,security
UserStore,FileSystem,security
UserStore,FSDataOutputStream,security
UserStore,HiccWebServer,security
UserStore,ExceptionUtil,security
UserStore,LogFactory,security
ViewStore,Path,security
ViewStore,ViewBean,security
ViewStore,JSONObject,security
ViewStore,JSONArray,security
ViewStore,Configuration,security
ViewStore,ChukwaConfiguration,security
ViewStore,Log,security
ViewStore,FileStatus,security
ViewStore,FSDataInputStream,security
ViewStore,FileSystem,security
ViewStore,FSDataOutputStream,security
ViewStore,HiccWebServer,security
ViewStore,ExceptionUtil,security
ViewStore,LogFactory,security
WidgetStore,Path,no_match
WidgetStore,CatalogBean,no_match
WidgetStore,WidgetBean,no_match
WidgetStore,JSONObject,no_match
WidgetStore,Configuration,no_match
WidgetStore,ChukwaConfiguration,no_match
WidgetStore,Log,no_match
WidgetStore,FSDataOutputStream,no_match
WidgetStore,FileSystem,no_match
WidgetStore,FSDataInputStream,no_match
WidgetStore,FileStatus,no_match
WidgetStore,HiccWebServer,no_match
WidgetStore,ExceptionUtil,no_match
WidgetStore,LogFactory,no_match
ChukwaArchiveBuilder,JobConf,bean
ChukwaArchiveBuilder,SequenceFileInputFormat,bean
ChukwaArchiveBuilder,IdentityMapper,bean
ChukwaArchiveBuilder,ChukwaArchiveBuilder$UniqueKeyReduce,bean
ChukwaArchiveBuilder,ChukwaArchiveDailyPartitioner,bean
ChukwaArchiveBuilder,ChukwaArchiveDailyOutputFormat,bean
ChukwaArchiveBuilder,ChukwaArchiveHourlyPartitioner,bean
ChukwaArchiveBuilder,ChukwaArchiveHourlyOutputFormat,bean
ChukwaArchiveBuilder,ChukwaArchiveDataTypePartitioner,bean
ChukwaArchiveBuilder,ChukwaArchiveDataTypeOutputFormat,bean
ChukwaArchiveBuilder,ChukwaArchiveStreamNamePartitioner,bean
ChukwaArchiveBuilder,ChukwaArchiveStreamNameOutputFormat,bean
ChukwaArchiveBuilder,ChukwaArchiveKey,bean
ChukwaArchiveBuilder,ChunkImpl,bean
ChukwaArchiveBuilder,Path,bean
ChukwaArchiveBuilder,ChukwaConfiguration,bean
ChukwaArchiveBuilder,Configured,bean
ChukwaArchiveBuilder,Tool,bean
ChukwaArchiveBuilder,Logger,bean
ChukwaArchiveBuilder,ToolRunner,bean
ChukwaArchiveBuilder,FileInputFormat,bean
ChukwaArchiveBuilder,FileOutputFormat,bean
ChukwaArchiveBuilder,JobClient,bean
ChukwaArchiveBuilder,Configuration,bean
ChukwaArchiveBuilder,RunningJob,bean
ChukwaArchiveBuilder$UniqueKeyReduce,ChunkImpl,no_match
ChukwaArchiveBuilder$UniqueKeyReduce,ChukwaArchiveKey,no_match
ChukwaArchiveBuilder$UniqueKeyReduce,MapReduceBase,no_match
ChukwaArchiveBuilder$UniqueKeyReduce,Reducer,no_match
ChukwaArchiveBuilder$UniqueKeyReduce,OutputCollector,no_match
ChukwaArchiveBuilder$UniqueKeyReduce,Reporter,no_match
ChukwaArchiveBuilder$UniqueKeyReduce,ChukwaArchiveBuilder,no_match
ChukwaArchiveDailyOutputFormat,ChukwaArchiveKey,bean
ChukwaArchiveDailyOutputFormat,ChunkImpl,bean
ChukwaArchiveDailyOutputFormat,MultipleSequenceFileOutputFormat,bean
ChukwaArchiveDailyOutputFormat,Logger,bean
ChukwaArchiveDailyPartitioner,ChukwaArchiveKey,bean
ChukwaArchiveDailyPartitioner,ChunkImpl,bean
ChukwaArchiveDailyPartitioner,Partitioner,bean
ChukwaArchiveDailyPartitioner,JobConf,bean
ChukwaArchiveDataTypeOutputFormat,ChukwaArchiveKey,bean
ChukwaArchiveDataTypeOutputFormat,ChunkImpl,bean
ChukwaArchiveDataTypeOutputFormat,MultipleSequenceFileOutputFormat,bean
ChukwaArchiveDataTypeOutputFormat,Logger,bean
ChukwaArchiveDataTypeOutputFormat,FileSystem,bean
ChukwaArchiveDataTypeOutputFormat,JobConf,bean
ChukwaArchiveDataTypeOutputFormat,Progressable,bean
ChukwaArchiveDataTypeOutputFormat,RecordWriter,bean
ChukwaArchiveDataTypeOutputFormat,RecordUtil,bean
ChukwaArchiveDataTypeOutputFormat,Chunk,bean
ChukwaArchiveDataTypePartitioner,ChukwaArchiveKey,bean
ChukwaArchiveDataTypePartitioner,ChunkImpl,bean
ChukwaArchiveDataTypePartitioner,Partitioner,bean
ChukwaArchiveDataTypePartitioner,JobConf,bean
ChukwaArchiveDataTypePartitioner,RecordUtil,bean
ChukwaArchiveDataTypePartitioner,Chunk,bean
ChukwaArchiveHourlyOutputFormat,ChukwaArchiveKey,bean
ChukwaArchiveHourlyOutputFormat,ChunkImpl,bean
ChukwaArchiveHourlyOutputFormat,MultipleSequenceFileOutputFormat,bean
ChukwaArchiveHourlyOutputFormat,Logger,bean
ChukwaArchiveHourlyPartitioner,ChukwaArchiveKey,bean
ChukwaArchiveHourlyPartitioner,ChunkImpl,bean
ChukwaArchiveHourlyPartitioner,Partitioner,bean
ChukwaArchiveHourlyPartitioner,JobConf,bean
ChukwaArchiveManager,ChukwaConfiguration,security
ChukwaArchiveManager,Path,security
ChukwaArchiveManager,ChukwaArchiveBuilder,security
ChukwaArchiveManager,CHUKWA_CONSTANT,security
ChukwaArchiveManager,Logger,security
ChukwaArchiveManager,FileSystem,security
ChukwaArchiveManager,FileStatus,security
ChukwaArchiveManager,DaemonWatcher,security
ChukwaArchiveManager,ToolRunner,security
ChukwaArchiveManager,Configuration,security
ChukwaArchiveManager,Tool,security
ChukwaArchiveStreamNameOutputFormat,MultipleSequenceFileOutputFormat,bean
ChukwaArchiveStreamNameOutputFormat,ChukwaArchiveKey,bean
ChukwaArchiveStreamNameOutputFormat,ChunkImpl,bean
ChukwaArchiveStreamNamePartitioner,ChukwaArchiveKey,bean
ChukwaArchiveStreamNamePartitioner,ChunkImpl,bean
ChukwaArchiveStreamNamePartitioner,Partitioner,bean
ChukwaArchiveStreamNamePartitioner,JobConf,bean
SinkArchiver,ChukwaConfiguration,io
SinkArchiver,Path,io
SinkArchiver,ChukwaArchiveBuilder,io
SinkArchiver,SinkArchiver$1,io
SinkArchiver,CHUKWA_CONSTANT,io
SinkArchiver,PathFilter,io
SinkArchiver,Logger,io
SinkArchiver,Configuration,io
SinkArchiver,FileSystem,io
SinkArchiver,FileStatus,io
SinkArchiver,ToolRunner,io
SinkArchiver,Tool,io
SinkArchiver$1,PathFilter,no_match
SinkArchiver$1,Path,no_match
SinkArchiver$1,SinkArchiver,no_match
ChukwaRecordOutputFormat,ChukwaRecordKey,bean
ChukwaRecordOutputFormat,ChukwaRecord,bean
ChukwaRecordOutputFormat,MultipleSequenceFileOutputFormat,bean
ChukwaRecordOutputFormat,Logger,bean
ChukwaRecordOutputFormat,RecordUtil,bean
ChukwaRecordOutputFormat,Util,bean
ChukwaRecordOutputFormat,Record,bean
ChukwaRecordPartitioner,ChukwaRecordKey,bean
ChukwaRecordPartitioner,ChukwaRecord,bean
ChukwaRecordPartitioner,Partitioner,bean
ChukwaRecordPartitioner,Logger,bean
ChukwaRecordPartitioner,JobConf,bean
DailyChukwaRecordRolling,Path,security
DailyChukwaRecordRolling,RecordMerger,security
DailyChukwaRecordRolling,ChukwaConfiguration,security
DailyChukwaRecordRolling,JobConf,security
DailyChukwaRecordRolling,SequenceFileInputFormat,security
DailyChukwaRecordRolling,IdentityMapper,security
DailyChukwaRecordRolling,IdentityReducer,security
DailyChukwaRecordRolling,ChukwaRecordKey,security
DailyChukwaRecordRolling,ChukwaRecord,security
DailyChukwaRecordRolling,SequenceFileOutputFormat,security
DailyChukwaRecordRolling,Configured,security
DailyChukwaRecordRolling,Tool,security
DailyChukwaRecordRolling,Logger,security
DailyChukwaRecordRolling,FileSystem,security
DailyChukwaRecordRolling,FileStatus,security
DailyChukwaRecordRolling,FileUtil,security
DailyChukwaRecordRolling,DaemonWatcher,security
DailyChukwaRecordRolling,FileInputFormat,security
DailyChukwaRecordRolling,FileOutputFormat,security
DailyChukwaRecordRolling,JobPriority,security
DailyChukwaRecordRolling,JobClient,security
DailyChukwaRecordRolling,Configuration,security
DailyChukwaRecordRolling,RunningJob,security
Demux,Configuration,adaptor
Demux,Path,adaptor
Demux,JobConf,adaptor
Demux,ChukwaConfiguration,adaptor
Demux,SequenceFileInputFormat,adaptor
Demux,Demux$MapClass,adaptor
Demux,ChukwaRecordPartitioner,adaptor
Demux,Demux$ReduceClass,adaptor
Demux,ChukwaRecordKey,adaptor
Demux,ChukwaRecord,adaptor
Demux,ChukwaRecordOutputFormat,adaptor
Demux,Configured,adaptor
Demux,Tool,adaptor
Demux,Logger,adaptor
Demux,FileStatus,adaptor
Demux,FileSystem,adaptor
Demux,ToolRunner,adaptor
Demux,DistributedCache,adaptor
Demux,ExceptionUtil,adaptor
Demux,JobPriority,adaptor
Demux,FileInputFormat,adaptor
Demux,FileOutputFormat,adaptor
Demux,JobClient,adaptor
Demux,RunningJob,adaptor
Demux$MapClass,ChukwaOutputCollector,no_match
Demux$MapClass,ChukwaArchiveKey,no_match
Demux$MapClass,ChunkImpl,no_match
Demux$MapClass,MapReduceBase,no_match
Demux$MapClass,Mapper,no_match
Demux$MapClass,JobConf,no_match
Demux$MapClass,OutputCollector,no_match
Demux$MapClass,Reporter,no_match
Demux$MapClass,MapProcessor,no_match
Demux$MapClass,ChukwaRecordKey,no_match
Demux$MapClass,ChukwaRecord,no_match
Demux$MapClass,Demux,no_match
Demux$MapClass,Logger,no_match
Demux$MapClass,MapProcessorFactory,no_match
Demux$MapClass,Chunk,no_match
Demux$ReduceClass,ChukwaOutputCollector,no_match
Demux$ReduceClass,ChukwaRecordKey,no_match
Demux$ReduceClass,MapReduceBase,no_match
Demux$ReduceClass,Reducer,no_match
Demux$ReduceClass,OutputCollector,no_match
Demux$ReduceClass,Reporter,no_match
Demux$ReduceClass,ChukwaRecord,no_match
Demux$ReduceClass,ReduceProcessorFactory,no_match
Demux$ReduceClass,ReduceProcessor,no_match
Demux$ReduceClass,Demux,no_match
Demux$ReduceClass,Logger,no_match
DemuxManager,ChukwaConfiguration,security
DemuxManager,Path,security
DemuxManager,Demux,security
DemuxManager,DemuxManager$1,security
DemuxManager,CHUKWA_CONSTANT,security
DemuxManager,Logger,security
DemuxManager,FileSystem,security
DemuxManager,PathFilter,security
DemuxManager,FileStatus,security
DemuxManager,DaemonWatcher,security
DemuxManager,NagiosHelper,security
DemuxManager,ToolRunner,security
DemuxManager,Configuration,security
DemuxManager,Tool,security
DemuxManager$1,PathFilter,no_match
DemuxManager$1,Path,no_match
DemuxManager$1,DemuxManager,no_match
DoMerge,ChukwaConfiguration,no_match
DoMerge,MoveOrMergeRecordFile,no_match
DoMerge,Path,no_match
DoMerge,FileSystem,no_match
DoMerge,ToolRunner,no_match
DoMerge,FileUtil,no_match
DoMerge,Configuration,no_match
DoMerge,Tool,no_match
EventFileFilter,PathFilter,no_match
EventFileFilter,Path,no_match
HourlyChukwaRecordRolling,Path,bean
HourlyChukwaRecordRolling,RecordMerger,bean
HourlyChukwaRecordRolling,ChukwaConfiguration,bean
HourlyChukwaRecordRolling,JobConf,bean
HourlyChukwaRecordRolling,SequenceFileInputFormat,bean
HourlyChukwaRecordRolling,IdentityMapper,bean
HourlyChukwaRecordRolling,IdentityReducer,bean
HourlyChukwaRecordRolling,ChukwaRecordKey,bean
HourlyChukwaRecordRolling,ChukwaRecord,bean
HourlyChukwaRecordRolling,SequenceFileOutputFormat,bean
HourlyChukwaRecordRolling,Configured,bean
HourlyChukwaRecordRolling,Tool,bean
HourlyChukwaRecordRolling,Logger,bean
HourlyChukwaRecordRolling,FileSystem,bean
HourlyChukwaRecordRolling,FileStatus,bean
HourlyChukwaRecordRolling,FileUtil,bean
HourlyChukwaRecordRolling,DaemonWatcher,bean
HourlyChukwaRecordRolling,FileInputFormat,bean
HourlyChukwaRecordRolling,FileOutputFormat,bean
HourlyChukwaRecordRolling,JobPriority,bean
HourlyChukwaRecordRolling,JobClient,bean
HourlyChukwaRecordRolling,Configuration,bean
HourlyChukwaRecordRolling,RunningJob,bean
MoveOrMergeRecordFile,JobConf,security
MoveOrMergeRecordFile,SequenceFileInputFormat,security
MoveOrMergeRecordFile,IdentityMapper,security
MoveOrMergeRecordFile,IdentityReducer,security
MoveOrMergeRecordFile,ChukwaRecordKey,security
MoveOrMergeRecordFile,ChukwaRecord,security
MoveOrMergeRecordFile,SequenceFileOutputFormat,security
MoveOrMergeRecordFile,Path,security
MoveOrMergeRecordFile,EventFileFilter,security
MoveOrMergeRecordFile,DoMerge,security
MoveOrMergeRecordFile,ChukwaConfiguration,security
MoveOrMergeRecordFile,Configured,security
MoveOrMergeRecordFile,Tool,security
MoveOrMergeRecordFile,FileSystem,security
MoveOrMergeRecordFile,FileStatus,security
MoveOrMergeRecordFile,FileInputFormat,security
MoveOrMergeRecordFile,FileOutputFormat,security
MoveOrMergeRecordFile,JobClient,security
MoveOrMergeRecordFile,FileUtil,security
MoveOrMergeRecordFile,Configuration,security
MoveOrMergeRecordFile,RunningJob,security
MoveOrMergeRecordFile,PathFilter,security
MoveToRepository,Path,security
MoveToRepository,ChukwaConfiguration,security
MoveToRepository,Logger,security
MoveToRepository,FileSystem,security
MoveToRepository,FileStatus,security
MoveToRepository,FileUtil,security
MoveToRepository,Configuration,security
PostProcessorManager,ChukwaConfiguration,security
PostProcessorManager,Path,security
PostProcessorManager,DataLoaderFactory,security
PostProcessorManager,PostProcessorManager$1,security
PostProcessorManager,CHUKWA_CONSTANT,security
PostProcessorManager,Logger,security
PostProcessorManager,FileSystem,security
PostProcessorManager,PathFilter,security
PostProcessorManager,FileStatus,security
PostProcessorManager,DaemonWatcher,security
PostProcessorManager,ExceptionUtil,security
PostProcessorManager,MoveToRepository,security
PostProcessorManager,Configuration,security
PostProcessorManager$1,PathFilter,no_match
PostProcessorManager$1,Path,no_match
PostProcessorManager$1,PostProcessorManager,no_match
RecordMerger,Path,security
RecordMerger,Logger,security
RecordMerger,ChukwaConfiguration,security
RecordMerger,FileSystem,security
RecordMerger,Tool,security
RecordMerger,FileStatus,security
RecordMerger,ToolRunner,security
RecordMerger,FileUtil,security
RecordMerger,Configuration,security
TaggerPlugin,Record,xml
ChukwaOutputCollector,ChukwaRecordKey,no_match
ChukwaOutputCollector,ChukwaRecord,no_match
ChukwaOutputCollector,OutputCollector,no_match
ChukwaOutputCollector,Reporter,no_match
AbstractProcessor,ChukwaRecordKey,adaptor
AbstractProcessor,MapProcessor,adaptor
AbstractProcessor,Logger,adaptor
AbstractProcessor,ChukwaArchiveKey,adaptor
AbstractProcessor,Chunk,adaptor
AbstractProcessor,OutputCollector,adaptor
AbstractProcessor,ChukwaRecord,adaptor
AbstractProcessor,Reporter,adaptor
AbstractProcessor,ChunkSaver,adaptor
AbstractProcessor,RecordConstants,adaptor
ChunkProcessor,Chunk,bean
ChunkProcessor,OutputCollector,bean
ChunkProcessor,Reporter,bean
ChunkProcessor,Text,bean
ChunkProcessor,ChukwaRecord,bean
ChunkSaver,ChukwaRecord,adaptor
ChunkSaver,ChukwaRecordKey,adaptor
ChunkSaver,DataOutputBuffer,adaptor
ChunkSaver,Logger,adaptor
ChunkSaver,Chunk,adaptor
ChunkSaver,OutputCollector,adaptor
ChunkSaver,Reporter,adaptor
ChunkSaver,ExceptionUtil,adaptor
ClientTraceProcessor,ChukwaRecord,security
ClientTraceProcessor,AbstractProcessor,security
ClientTraceProcessor,ClientTraceProcessor$Locality,security
ClientTraceProcessor,OutputCollector,security
ClientTraceProcessor,Reporter,security
ClientTraceProcessor,ChukwaRecordKey,security
ClientTraceProcessor,Chunk,security
ClientTraceProcessor,Logger,security
ClientTraceProcessor$Locality,ClientTraceProcessor,no_match
DebugOutputProcessor,ChukwaRecord,bean
DebugOutputProcessor,AbstractProcessor,bean
DebugOutputProcessor,Logger,bean
DebugOutputProcessor,OutputCollector,bean
DebugOutputProcessor,Reporter,bean
DebugOutputProcessor,ChukwaRecordKey,bean
DebugOutputProcessor,Chunk,bean
DefaultProcessor,ChukwaRecord,bean
DefaultProcessor,AbstractProcessor,bean
DefaultProcessor,Logger,bean
DefaultProcessor,OutputCollector,bean
DefaultProcessor,Reporter,bean
DefaultProcessor,ChukwaRecordKey,bean
DefaultProcessor,ChukwaArchiveKey,bean
DefaultProcessor,Chunk,bean
Df,DFInvalidRecord,security
Df,ChukwaRecordKey,security
Df,ChukwaRecord,security
Df,AbstractProcessor,security
Df,Logger,security
Df,OutputCollector,security
Df,Reporter,security
HadoopLogProcessor,ChukwaRecord,security
HadoopLogProcessor,AbstractProcessor,security
HadoopLogProcessor,Logger,security
HadoopLogProcessor,OutputCollector,security
HadoopLogProcessor,Reporter,security
HadoopLogProcessor,ChukwaRecordKey,security
HadoopLogProcessor,Chunk,security
HadoopMetricsProcessor,JSONObject,security
HadoopMetricsProcessor,ChukwaRecord,security
HadoopMetricsProcessor,JSONException,security
HadoopMetricsProcessor,AbstractProcessor,security
HadoopMetricsProcessor,Logger,security
HadoopMetricsProcessor,OutputCollector,security
HadoopMetricsProcessor,Reporter,security
HadoopMetricsProcessor,ChukwaRecordKey,security
Iostat,ChukwaRecord,security
Iostat,ChukwaRecordKey,security
Iostat,AbstractProcessor,security
Iostat,Logger,security
Iostat,OutputCollector,security
Iostat,Reporter,security
Iostat,Chunk,security
JPluginMapper,LogEntry,adaptor
JPluginMapper,GenericChukwaMetricsList,adaptor
JPluginMapper,ChukwaMetrics,adaptor
JPluginMapper,ChukwaRecordKey,adaptor
JPluginMapper,ChukwaRecord,adaptor
JPluginMapper,AbstractProcessor,adaptor
JPluginMapper,OutputCollector,adaptor
JPluginMapper,Reporter,adaptor
JobConfProcessor,ChukwaRecord,security
JobConfProcessor,JSONObject,security
JobConfProcessor,Element,security
JobConfProcessor,Text,security
JobConfProcessor,Torque,security
JobConfProcessor,AbstractProcessor,security
JobConfProcessor,Logger,security
JobConfProcessor,OutputCollector,security
JobConfProcessor,Reporter,security
JobConfProcessor,Node,security
JobConfProcessor,NodeList,security
JobConfProcessor,Document,security
JobConfProcessor,ChukwaRecordKey,security
JobConfProcessor,Chunk,security
JobLog,JobLog$JobLogLine,security
JobLog,ChukwaRecordKey,security
JobLog,ChukwaRecord,security
JobLog,AbstractProcessor,security
JobLog,JobLog$JobLogFileName,security
JobLog,JobLog$CounterHash,security
JobLog,OutputCollector,security
JobLog,Reporter,security
JobLog,Chunk,security
JobLog,ChukwaArchiveKey,security
JobLog$CounterHash,JobLog,no_match
JobLog$JobLogFileName,JobLog,no_match
JobLog$JobLogLine,JobLog$CounterHash,no_match
JobLog$JobLogLine,JobHistory$Keys,no_match
JobLog$JobLogLine,JobLog,no_match
JobLog$JobLogLine,JobHistory,no_match
JobLogHistoryProcessor,ChukwaRecordKey,security
JobLogHistoryProcessor,ChukwaRecord,security
JobLogHistoryProcessor,AbstractProcessor,security
JobLogHistoryProcessor,Logger,security
JobLogHistoryProcessor,OutputCollector,security
JobLogHistoryProcessor,Reporter,security
JobLogHistoryProcessor,Chunk,security
Log4JMetricsContextProcessor,Log4JMetricsContextProcessor$Log4JMetricsContextChukwaRecord,security
Log4JMetricsContextProcessor,AbstractProcessor,security
Log4JMetricsContextProcessor,Logger,security
Log4JMetricsContextProcessor,OutputCollector,security
Log4JMetricsContextProcessor,Reporter,security
Log4JMetricsContextProcessor,ChukwaRecord,security
Log4JMetricsContextProcessor,ChukwaRecordKey,security
Log4JMetricsContextProcessor$Log4JMetricsContextChukwaRecord,ChukwaRecord,no_match
Log4JMetricsContextProcessor$Log4JMetricsContextChukwaRecord,LogEntry,no_match
Log4JMetricsContextProcessor$Log4JMetricsContextChukwaRecord,JSONObject,no_match
Log4JMetricsContextProcessor$Log4JMetricsContextChukwaRecord,Log4JMetricsContextProcessor,no_match
Log4jJobHistoryProcessor,ChukwaRecordKey,security
Log4jJobHistoryProcessor,ChukwaRecord,security
Log4jJobHistoryProcessor,AbstractProcessor,security
Log4jJobHistoryProcessor,Logger,security
Log4jJobHistoryProcessor,OutputCollector,security
Log4jJobHistoryProcessor,Reporter,security
Log4jJobHistoryProcessor,Chunk,security
MapProcessor,ChukwaArchiveKey,bean
MapProcessor,Chunk,bean
MapProcessor,OutputCollector,bean
MapProcessor,Reporter,bean
MapProcessor,ChukwaRecordKey,bean
MapProcessor,ChukwaRecord,bean
MapProcessorFactory,MapProcessor,xml
MapProcessorFactory,UnknownRecordTypeException,xml
MapProcessorFactory,Logger,xml
PbsNodes,PbsInvalidEntry,security
PbsNodes,ChukwaRecord,security
PbsNodes,ChukwaRecordKey,security
PbsNodes,AbstractProcessor,security
PbsNodes,Logger,security
PbsNodes,OutputCollector,security
PbsNodes,Reporter,security
ProcessorFactory,ChunkProcessor,no_match
ProcessorFactory,UnknownRecordTypeException,no_match
ProcessorFactory,DuplicateProcessorException,no_match
ProcessorFactory,Logger,no_match
Ps,LogEntry,security
Ps,Ps$PsOutput,security
Ps,ChukwaRecordKey,security
Ps,ChukwaRecord,security
Ps,AbstractProcessor,security
Ps,Ps$InvalidPsRecord,security
Ps,Logger,security
Ps,OutputCollector,security
Ps,Reporter,security
Ps$InvalidPsRecord,Ps,no_match
Ps$PsOutput,Ps$InvalidPsRecord,no_match
Ps$PsOutput,Ps,no_match
Sar,ChukwaRecord,security
Sar,ChukwaRecordKey,security
Sar,AbstractProcessor,security
Sar,Logger,security
Sar,OutputCollector,security
Sar,Reporter,security
Sar,Chunk,security
SysLog,ChukwaRecord,security
SysLog,AbstractProcessor,security
SysLog,Logger,security
SysLog,OutputCollector,security
SysLog,Reporter,security
SysLog,ChukwaRecordKey,security
Top,ChukwaRecord,security
Top,ChukwaRecordKey,security
Top,AbstractProcessor,security
Top,Logger,security
Top,OutputCollector,security
Top,Reporter,security
Top,Chunk,security
Torque,ChukwaRecord,security
Torque,AbstractProcessor,security
Torque,Logger,security
Torque,OutputCollector,security
Torque,Reporter,security
Torque,ChukwaRecordKey,security
TsProcessor,ChukwaRecord,adaptor
TsProcessor,AbstractProcessor,adaptor
TsProcessor,Logger,adaptor
TsProcessor,OutputCollector,adaptor
TsProcessor,Reporter,adaptor
TsProcessor,ChukwaRecordKey,adaptor
TsProcessor,Chunk,adaptor
YWatch,JSONObject,security
YWatch,ChukwaRecord,security
YWatch,ChukwaRecordKey,security
YWatch,JSONException,security
YWatch,AbstractProcessor,security
YWatch,Logger,security
YWatch,OutputCollector,security
YWatch,Reporter,security
YWatch,Chunk,security
ClientTrace,ChukwaRecord,security
ClientTrace,ChukwaRecordKey,security
ClientTrace,ReduceProcessor,security
ClientTrace,Logger,security
ClientTrace,OutputCollector,security
ClientTrace,Reporter,security
IdentityReducer,ReduceProcessor,xml
IdentityReducer,ChukwaRecordKey,xml
IdentityReducer,OutputCollector,xml
IdentityReducer,Reporter,xml
IdentityReducer,ChukwaRecord,xml
JobLogHistoryReduceProcessor,ChukwaRecord,adaptor
JobLogHistoryReduceProcessor,ChukwaRecordKey,adaptor
JobLogHistoryReduceProcessor,ReduceProcessor,adaptor
JobLogHistoryReduceProcessor,Logger,adaptor
JobLogHistoryReduceProcessor,OutputCollector,adaptor
JobLogHistoryReduceProcessor,Reporter,adaptor
MRJobReduceProcessor,ChukwaRecord,bean
MRJobReduceProcessor,ChukwaRecordKey,bean
MRJobReduceProcessor,ReduceProcessor,bean
MRJobReduceProcessor,Logger,bean
MRJobReduceProcessor,OutputCollector,bean
MRJobReduceProcessor,Reporter,bean
ReduceProcessor,ChukwaRecordKey,bean
ReduceProcessor,OutputCollector,bean
ReduceProcessor,Reporter,bean
ReduceProcessor,ChukwaRecord,bean
ReduceProcessorFactory,ReduceProcessor,xml
ReduceProcessorFactory,UnknownReduceTypeException,xml
ReduceProcessorFactory,DuplicateReduceProcessorException,xml
ReduceProcessorFactory,Logger,xml
SystemMetrics,ChukwaRecord,adaptor
SystemMetrics,ReduceProcessor,adaptor
SystemMetrics,Logger,adaptor
SystemMetrics,ChukwaRecordKey,adaptor
SystemMetrics,OutputCollector,adaptor
SystemMetrics,Reporter,adaptor
ChukwaRecord,Buffer,security
ChukwaRecord,ChukwaRecordJT,security
ChukwaRecord,Record,security
ChukwaRecordJT,FieldTypeInfo,bean
ChukwaRecordJT,Buffer,bean
ChukwaRecordJT,RecordTypeInfo,bean
ChukwaRecordJT,MapTypeID,bean
ChukwaRecordJT,ChukwaRecordJT$Comparator,bean
ChukwaRecordJT,Record,bean
ChukwaRecordJT,RecordOutput,bean
ChukwaRecordJT,RecordInput,bean
ChukwaRecordJT,Index,bean
ChukwaRecordJT,Utils,bean
ChukwaRecordJT,TypeID,bean
ChukwaRecordJT,RecordComparator,bean
ChukwaRecordJT$Comparator,ChukwaRecordJT,no_match
ChukwaRecordJT$Comparator,RecordComparator,no_match
ChukwaRecordJT$Comparator,Utils,no_match
ChukwaRecordKey,FieldTypeInfo,bean
ChukwaRecordKey,RecordTypeInfo,bean
ChukwaRecordKey,ChukwaRecordKey$Comparator,bean
ChukwaRecordKey,Record,bean
ChukwaRecordKey,RecordOutput,bean
ChukwaRecordKey,RecordInput,bean
ChukwaRecordKey,Utils,bean
ChukwaRecordKey,TypeID,bean
ChukwaRecordKey,RecordComparator,bean
ChukwaRecordKey$Comparator,ChukwaRecordKey,no_match
ChukwaRecordKey$Comparator,RecordComparator,no_match
ChukwaRecordKey$Comparator,Utils,no_match
ChukwaSearchResult,SearchResult,adaptor
ChukwaSearchResult,Record,adaptor
ChukwaSearchResult,Token,adaptor
ChukwaSearchService,ChukwaSearchResult,adaptor
ChukwaSearchService,SearchService,adaptor
ChukwaSearchService,DataSourceFactory,adaptor
ChukwaSearchService,Token,adaptor
ChukwaSearchService,SearchResult,adaptor
ChukwaSearchService,DataSource,adaptor
ChukwaSearchService,Record,adaptor
ChukwaSearchService,DataSourceException,adaptor
RecordUtil,Record,adaptor
RecordUtil,Chunk,adaptor
SearchResult,Token,no_match
SearchResult,Record,no_match
SearchService,Token,adaptor
SearchService,SearchResult,adaptor
SearchService,DataSourceException,adaptor
DataSource,SearchResult,bean
DataSource,Token,bean
DataSource,DataSourceException,bean
DataSourceFactory,DatabaseDS,security
DataSourceFactory,DataSource,security
DataSourceFactory,ChukwaRecordDataSource,security
DataSourceFactory,DataSourceException,security
DsDirectory,DataConfig,security
DsDirectory,Configuration,security
DsDirectory,Path,security
DsDirectory,DataSourceException,security
DsDirectory,FileSystem,security
DsDirectory,FileStatus,security
DatabaseDS,ChukwaRecord,security
DatabaseDS,DataSourceException,security
DatabaseDS,DataSource,security
DatabaseDS,SearchResult,security
DatabaseDS,Token,security
DatabaseDS,Record,security
DatabaseDS,DriverManagerUtil,security
ChukwaDSInternalResult,Record,bean
ChukwaDSInternalResult,ChukwaRecordKey,bean
ChukwaFileParser,Path,security
ChukwaFileParser,ChukwaRecord,security
ChukwaFileParser,FileSystem,security
ChukwaFileParser,FSDataInputStream,security
ChukwaFileParser,Record,security
ChukwaFileParser,MalformedFileFormat,security
ChukwaRecordDataSource,ChukwaDSInternalResult,security
ChukwaRecordDataSource,Token,security
ChukwaRecordDataSource,DataSourceException,security
ChukwaRecordDataSource,Record,security
ChukwaRecordDataSource,Path,security
ChukwaRecordDataSource,ChukwaRecordKey,security
ChukwaRecordDataSource,ChukwaRecord,security
ChukwaRecordDataSource,SequenceFile$Reader,security
ChukwaRecordDataSource,ChukwaSearchResult,security
ChukwaRecordDataSource,DataConfig,security
ChukwaRecordDataSource,ChukwaConfiguration,security
ChukwaRecordDataSource,DataSource,security
ChukwaRecordDataSource,Logger,security
ChukwaRecordDataSource,FileSystem,security
ChukwaRecordDataSource,SearchResult,security
ChukwaRecordDataSource,SequenceFile,security
ChukwaRecordDataSource,Configuration,security
ChukwaRecordDataSource,Writable,security
ChukwaSequenceFileParser,Path,security
ChukwaSequenceFileParser,SequenceFile$Reader,security
ChukwaSequenceFileParser,ChukwaRecordKey,security
ChukwaSequenceFileParser,ChukwaRecord,security
ChukwaSequenceFileParser,FileSystem,security
ChukwaSequenceFileParser,Configuration,security
ChukwaSequenceFileParser,Record,security
ChukwaSequenceFileParser,MalformedFileFormat,security
ChukwaSequenceFileParser,SequenceFile,security
ChukwaSequenceFileParser,Writable,security
MalformedFileFormat,DataSourceException,adaptor
RecordDS,Record,security
RecordDS,DataConfig,security
RecordDS,ChukwaConfiguration,security
RecordDS,DataSource,security
RecordDS,FileSystem,security
RecordDS,SearchResult,security
RecordDS,Token,security
RecordDS,DataSourceException,security
RecordDS,ChukwaSequenceFileParser,security
RecordDS,Configuration,security
Chart,XssFilter,io
Chart,ColorPicker,io
DatasetMapper,Log,security
DatasetMapper,DriverManagerUtil,security
DatasetMapper,LogFactory,security
HiccWebServer,Configuration,security
HiccWebServer,Path,security
HiccWebServer,Server,security
HiccWebServer,XmlConfiguration,security
HiccWebServer,ChukwaConfiguration,security
HiccWebServer,Log,security
HiccWebServer,FileSystem,security
HiccWebServer,FSDataOutputStream,security
HiccWebServer,DaemonWatcher,security
HiccWebServer,ExceptionUtil,security
HiccWebServer,LogFactory,security
Iframe,XssFilter,security
ImageSlicer,XYData,gui
ImageSlicer,Log,gui
ImageSlicer,LogFactory,gui
ImageSlicer,ExceptionUtil,gui
JSONLoader,JSONObject,security
JSONLoader,JSONArray,security
JSONLoader,JSONException,security
TimeHandler,Options,security
TimeHandler,XssFilter,security
TimeHandler,Log,security
TimeHandler,Span,security
TimeHandler,Chronic,security
TimeHandler,LogFactory,security
Views,JSONArray,security
Views,JSONException,security
Views,JSONObject,security
ViewsTag,Views,security
Workspace,JSONObject,security
Workspace,XssFilter,security
Workspace,Workspace$1,security
Workspace,JSONArray,security
Workspace,Workspace$2,security
Workspace,JSONException,security
Workspace$1,Workspace,no_match
Workspace$2,Workspace,no_match
ChukwaInputFormat,ChukwaInputFormat$ChukwaRecordReader,security
ChukwaInputFormat,FileSplit,security
ChukwaInputFormat,SequenceFileInputFormat,security
ChukwaInputFormat,InputSplit,security
ChukwaInputFormat,JobConf,security
ChukwaInputFormat,Reporter,security
ChukwaInputFormat,RecordReader,security
ChukwaInputFormat,LongWritable,security
ChukwaInputFormat,Text,security
ChukwaInputFormat,Log,security
ChukwaInputFormat,Configuration,security
ChukwaInputFormat$ChukwaRecordReader,SequenceFileRecordReader,no_match
ChukwaInputFormat$ChukwaRecordReader,LongWritable,no_match
ChukwaInputFormat$ChukwaRecordReader,Text,no_match
ChukwaInputFormat$ChukwaRecordReader,ChukwaArchiveKey,no_match
ChukwaInputFormat$ChukwaRecordReader,ChukwaInputFormat,no_match
ChukwaInputFormat$ChukwaRecordReader,RecordReader,no_match
ChukwaInputFormat$ChukwaRecordReader,Logger,no_match
ChukwaInputFormat$ChukwaRecordReader,Chunk,no_match
ChukwaInputFormat$ChukwaRecordReader,Configuration,no_match
ChukwaInputFormat$ChukwaRecordReader,FileSplit,no_match
ChukwaInputFormat$ChukwaRecordReader,ChunkImpl,no_match
HDFSUsageMetrics,ChukwaMetrics,bean
HDFSUsageMetricsList,ChukwaMetricsList,xml
HDFSUsageMetricsList,HDFSUsageMetrics,xml
HDFSUsagePlugin,ChukwaMetricsList,security
HDFSUsagePlugin,Path,security
HDFSUsagePlugin,HDFSUsageMetrics,security
HDFSUsagePlugin,OrgChart,security
HDFSUsagePlugin,Configuration,security
HDFSUsagePlugin,JPluginStatusMetricsList,security
HDFSUsagePlugin,JPlugin,security
HDFSUsagePlugin,FileSystem,security
HDFSUsagePlugin,Employee,security
HDFSUsagePlugin,FileStatus,security
HDFSUsagePlugin,ContentSummary,security
HDFSUsagePlugin,ChukwaMetrics,security
OrgChart,Employee,xml
ChukwaMetricsList,ChukwaMetrics,xml
ChukwaMetricsList,Element,xml
ChukwaMetricsList,Document,xml
ChukwaMetricsList,Node,xml
GenericChukwaMetricsList,InputSource,xml
GenericChukwaMetricsList,GenericChukwaMetricsList$GenericChukwaMetrics,xml
GenericChukwaMetricsList,Attr,xml
GenericChukwaMetricsList,ChukwaMetricsList,xml
GenericChukwaMetricsList,NamedNodeMap,xml
GenericChukwaMetricsList,Document,xml
GenericChukwaMetricsList,Element,xml
GenericChukwaMetricsList,NodeList,xml
GenericChukwaMetricsList,ChukwaMetrics,xml
GenericChukwaMetricsList,Node,xml
GenericChukwaMetricsList$GenericChukwaMetrics,ChukwaMetrics,no_match
GenericChukwaMetricsList$GenericChukwaMetrics,GenericChukwaMetricsList,no_match
JPlugin,ChukwaMetricsList,adaptor
JPlugin,JPluginStatusMetricsList,adaptor
JPlugin,ChukwaMetrics,adaptor
JPluginAgent,JPlugin,security
JPluginAgent,JPluginAgent$MetricsTimerTask,security
JPluginAgent,JPluginAgent$StatusTimerTask,security
JPluginAgent,Log,security
JPluginAgent,DaemonWatcher,security
JPluginAgent,LogFactory,security
JPluginAgent$MetricsTimerTask,JPlugin,no_match
JPluginAgent$MetricsTimerTask,ChukwaMetricsList,no_match
JPluginAgent$MetricsTimerTask,JPluginAgent,no_match
JPluginAgent$MetricsTimerTask,Log,no_match
JPluginAgent$StatusTimerTask,JPlugin,no_match
JPluginAgent$StatusTimerTask,ChukwaMetricsList,no_match
JPluginAgent$StatusTimerTask,JPluginAgent,no_match
JPluginAgent$StatusTimerTask,Log,no_match
JPluginAgent$StatusTimerTask,JPluginStatusMetricsList,no_match
JPluginStatusMetricsList,GenericChukwaMetricsList$GenericChukwaMetrics,xml
JPluginStatusMetricsList,GenericChukwaMetricsList,xml
JPluginStatusMetricsList,ChukwaMetrics,xml
ChukwaDailyRollingFileAppender,RollingCalendar,security
ChukwaDailyRollingFileAppender,ChukwaDailyRollingFileAppender$LogFilter,security
ChukwaDailyRollingFileAppender,ChukwaAgentController,security
ChukwaDailyRollingFileAppender,ClientFinalizer,security
ChukwaDailyRollingFileAppender,FileAppender,security
ChukwaDailyRollingFileAppender,Logger,security
ChukwaDailyRollingFileAppender,Layout,security
ChukwaDailyRollingFileAppender,LoggingEvent,security
ChukwaDailyRollingFileAppender,LogLog,security
ChukwaDailyRollingFileAppender,ErrorHandler,security
ChukwaDailyRollingFileAppender,AdaptorNamingUtils,security
ChukwaDailyRollingFileAppender,RecordConstants,security
ChukwaDailyRollingFileAppender,QuietWriter,security
ChukwaDailyRollingFileAppender$LogFilter,ChukwaDailyRollingFileAppender,no_match
Log4JMetricsContext,MetricsException,security
Log4JMetricsContext,PatternLayout,security
Log4JMetricsContext,ChukwaDailyRollingFileAppender,security
Log4JMetricsContext,JSONObject,security
Log4JMetricsContext,JSONException,security
Log4JMetricsContext,AbstractMetricsContext,security
Log4JMetricsContext,Logger,security
Log4JMetricsContext,ContextFactory,security
Log4JMetricsContext,OutputRecord,security
Log4JMetricsContext,Layout,security
Log4JMetricsContext,Appender,security
OneLineLogLayout,ConsoleAppender,io
OneLineLogLayout,PatternLayout,io
OneLineLogLayout,LoggingEvent,io
OneLineLogLayout,Logger,io
OneLineLogLayout,Appender,io
OneLineLogLayout,Layout,io
TaskLogAppender,ChukwaAgentController,adaptor
TaskLogAppender,ClientFinalizer,adaptor
TaskLogAppender,TaskLogAppender,adaptor
TaskLogAppender,Logger,adaptor
TaskLogAppender,LoggingEvent,adaptor
TaskLogAppender,Layout,adaptor
TaskLogAppender,RecordConstants,adaptor
TaskLogAppender,QuietWriter,adaptor
DataConfig,Path,security
DataConfig,Configuration,security
DataConfig,Log,security
DataConfig,LogFactory,security
ErStreamHandler,Log,security
ErStreamHandler,LogFactory,security
LoaderServer,Log,security
LoaderServer,LogFactory,security
TorqueDataLoader,TorqueInfoProcessor,security
TorqueDataLoader,PidFile,security
TorqueDataLoader,DataConfig,security
TorqueDataLoader,Log,security
TorqueDataLoader,LogFactory,security
TorqueInfoProcessor,TorqueTimerTask,security
TorqueInfoProcessor,ErStreamHandler,security
TorqueInfoProcessor,Log,security
TorqueInfoProcessor,DataConfig,security
TorqueInfoProcessor,LogFactory,security
TorqueTimerTask,Log,security
TorqueTimerTask,LogFactory,security
ExecPlugin,JSONObject,security
ExecPlugin,OutputReader,security
ExecPlugin,IPlugin,security
ExecPlugin,Output,security
IPlugin,JSONObject,xml
OutputReader,OutputReader$1,no_match
OutputReader,Output,no_match
OutputReader$1,OutputReader,no_match
OutputReader$1,Output,no_match
Exec,ExecHelper,security
Exec,JSONException,security
Exec,Log,security
Exec,IPlugin,security
Exec,JSONObject,security
Exec,DaemonWatcher,security
Exec,LogFactory,security
ExecHelper,ExecPlugin,adaptor
ExecHelper,Log,adaptor
ExecHelper,PidFile,adaptor
ExecHelper,LogFactory,adaptor
NodeActivityPlugin,DataConfig,security
NodeActivityPlugin,ExecPlugin,security
NodeActivityPlugin,JSONObject,security
NodeActivityPlugin,IPlugin,security
PbsNodePlugin,DataConfig,bean
PbsNodePlugin,ExecPlugin,bean
PbsNodePlugin,Log,bean
PbsNodePlugin,IPlugin,bean
PbsNodePlugin,JSONObject,bean
PbsNodePlugin,JSONException,bean
PbsNodePlugin,LogFactory,bean
ClientTraceResource,RestController,xml
ClientTraceResource,ClientTrace,xml
ClientTraceResource,ClientTraceHome,xml
ClusterDiskResource,RestController,gui
ClusterDiskResource,ClusterDisk,gui
ClusterDiskResource,ClusterDiskHome,gui
ClusterHadoopRpcResource,RestController,security
ClusterHadoopRpcResource,ClusterHadoopRpc,security
ClusterHadoopRpcResource,ClusterHadoopRpcHome,security
ClusterSystemMetricsResource,RestController,xml
ClusterSystemMetricsResource,ClusterSystemMetrics,xml
ClusterSystemMetricsResource,ClusterSystemMetricsHome,xml
DfsDataNodeResource,RestController,security
DfsDataNodeResource,DfsDataNode,security
DfsDataNodeResource,DfsDataNodeHome,security
DfsFsNameSystemResource,RestController,security
DfsFsNameSystemResource,DfsFsNameSystem,security
DfsFsNameSystemResource,DfsFsNameSystemHome,security
DfsNameNodeResource,RestController,security
DfsNameNodeResource,DfsNameNode,security
DfsNameNodeResource,DfsNameNodeHome,security
DfsThroughputResource,RestController,security
DfsThroughputResource,DfsThroughput,security
DfsThroughputResource,DfsThroughputHome,security
DiskResource,RestController,security
DiskResource,Disk,security
DiskResource,DiskHome,security
HadoopJvmResource,RestController,security
HadoopJvmResource,HadoopJvm,security
HadoopJvmResource,HadoopJvmHome,security
HadoopRpcResource,RestController,security
HadoopRpcResource,HadoopRpc,security
HadoopRpcResource,HadoopRpcHome,security
JsonDateValueProcessor,JsonValueProcessor,security
JsonDateValueProcessor,Log,security
JsonDateValueProcessor,JsonConfig,security
JsonDateValueProcessor,LogFactory,security
MrJobConfResource,RestController,security
MrJobConfResource,MrJobConf,security
MrJobConfResource,MrJobConfHome,security
MrJobResource,RestController,security
MrJobResource,MrJob,security
MrJobResource,MrJobHome,security
MrTaskResource,RestController,gui
MrTaskResource,MrTask,gui
MrTaskResource,MrTaskHome,gui
RestController,JsonConfig,security
RestController,JsonDateValueProcessor,security
RestController,Log,security
RestController,JSONArray,security
RestController,JSONObject,security
RestController,DateFormatUtils,security
RestController,LogFactory,security
RestController,JsonValueProcessor,security
SystemMetricsResource,RestController,security
SystemMetricsResource,SystemMetrics,security
SystemMetricsResource,SystemMetricsHome,security
CatalogBean,Log,bean
CatalogBean,WidgetBean,bean
CatalogBean,LogFactory,bean
CategoryBean,Log,gui
CategoryBean,LogFactory,gui
ColumnBean,WidgetBean,bean
ColumnBean,JSONException,bean
ColumnBean,JSONArray,bean
ColumnBean,Log,bean
ColumnBean,ExceptionUtil,bean
ColumnBean,LogFactory,bean
ColumnBean,JSONObject,bean
ConfigBean,ViewBean,security
ConfigBean,Log,security
ConfigBean,JSONObject,security
ConfigBean,ExceptionUtil,security
ConfigBean,LogFactory,security
OptionBean,JSONException,adaptor
OptionBean,JSONObject,adaptor
OptionBean,Log,adaptor
OptionBean,ExceptionUtil,adaptor
OptionBean,LogFactory,adaptor
PagesBean,ColumnBean,gui
PagesBean,JSONException,gui
PagesBean,JSONObject,gui
PagesBean,JSONArray,gui
PagesBean,Log,gui
PagesBean,ExceptionUtil,gui
PagesBean,LogFactory,gui
ParametersBean,JSONArray,security
ParametersBean,OptionBean,security
ParametersBean,JSONObject,security
ParametersBean,Log,security
ParametersBean,ExceptionUtil,security
ParametersBean,LogFactory,security
UserBean,JSONArray,security
UserBean,JSONObject,security
UserBean,Log,security
UserBean,JSONException,security
UserBean,ExceptionUtil,security
UserBean,LogFactory,security
ViewBean,PagesBean,security
ViewBean,JSONException,security
ViewBean,JSONObject,security
ViewBean,JSONArray,security
ViewBean,Log,security
ViewBean,ExceptionUtil,security
ViewBean,LogFactory,security
WidgetBean,ParametersBean,security
WidgetBean,JSONException,security
WidgetBean,JSONObject,security
WidgetBean,JSONArray,security
WidgetBean,Log,security
WidgetBean,ExceptionUtil,security
WidgetBean,WidgetStore,security
WidgetBean,LogFactory,security
ClientTrace,SocketDataLoader,bean
ClientTrace,Chunk,bean
ClientTrace,ClientTraceBean,bean
ClientTrace,Log,bean
ClientTrace,LogFactory,bean
UserResource,UserStore,security
UserResource,ReturnCodeBean,security
UserResource,Log,security
UserResource,UserBean,security
UserResource,ExceptionUtil,security
UserResource,JSONArray,security
UserResource,LogFactory,security
ViewContextResolver,ViewBean,security
ViewContextResolver,ViewContextResolver$1,security
ViewContextResolver,JSONJAXBContext,security
ViewContextResolver,JSONJAXBContext$JSONNotation,security
ViewContextResolver$1,ViewContextResolver,no_match
ViewResource,ViewStore,security
ViewResource,ReturnCodeBean,security
ViewResource,Log,security
ViewResource,ViewBean,security
ViewResource,ExceptionUtil,security
ViewResource,JSONArray,security
ViewResource,LogFactory,security
WidgetContextResolver,CatalogBean,bean
WidgetContextResolver,CategoryBean,bean
WidgetContextResolver,WidgetContextResolver$1,bean
WidgetContextResolver,JSONJAXBContext,bean
WidgetContextResolver,JSONJAXBContext$JSONNotation,bean
WidgetContextResolver$1,WidgetContextResolver,no_match
WidgetResource,WidgetBean,bean
WidgetResource,WidgetStore,bean
WidgetResource,ReturnCodeBean,bean
WidgetResource,Log,bean
WidgetResource,CatalogBean,bean
WidgetResource,LogFactory,bean
ClientTraceHome,ClientTrace,adaptor
ClientTraceHome,DatabaseWriter,adaptor
ClientTraceHome,RestHome,adaptor
ClientTraceHome,Log,adaptor
ClientTraceHome,LogFactory,adaptor
ClusterDiskHome,ClusterDisk,adaptor
ClusterDiskHome,DatabaseWriter,adaptor
ClusterDiskHome,RestHome,adaptor
ClusterDiskHome,Log,adaptor
ClusterDiskHome,LogFactory,adaptor
ClusterHadoopRpcHome,ClusterHadoopRpc,security
ClusterHadoopRpcHome,DatabaseWriter,security
ClusterHadoopRpcHome,RestHome,security
ClusterHadoopRpcHome,Log,security
ClusterHadoopRpcHome,LogFactory,security
ClusterSystemMetricsHome,ClusterSystemMetrics,adaptor
ClusterSystemMetricsHome,DatabaseWriter,adaptor
ClusterSystemMetricsHome,RestHome,adaptor
ClusterSystemMetricsHome,Log,adaptor
ClusterSystemMetricsHome,LogFactory,adaptor
DfsDataNodeHome,DfsDataNode,adaptor
DfsDataNodeHome,DatabaseWriter,adaptor
DfsDataNodeHome,RestHome,adaptor
DfsDataNodeHome,Log,adaptor
DfsDataNodeHome,LogFactory,adaptor
DfsFsNameSystemHome,DfsFsNameSystem,adaptor
DfsFsNameSystemHome,DatabaseWriter,adaptor
DfsFsNameSystemHome,RestHome,adaptor
DfsFsNameSystemHome,Log,adaptor
DfsFsNameSystemHome,LogFactory,adaptor
DfsNameNodeHome,DfsNameNode,security
DfsNameNodeHome,DatabaseWriter,security
DfsNameNodeHome,RestHome,security
DfsNameNodeHome,Log,security
DfsNameNodeHome,LogFactory,security
DfsThroughputHome,DfsThroughput,adaptor
DfsThroughputHome,DatabaseWriter,adaptor
DfsThroughputHome,RestHome,adaptor
DfsThroughputHome,Log,adaptor
DfsThroughputHome,LogFactory,adaptor
DiskHome,Disk,adaptor
DiskHome,DatabaseWriter,adaptor
DiskHome,RestHome,adaptor
DiskHome,Log,adaptor
DiskHome,LogFactory,adaptor
HadoopJvmHome,HadoopJvm,adaptor
HadoopJvmHome,DatabaseWriter,adaptor
HadoopJvmHome,RestHome,adaptor
HadoopJvmHome,Log,adaptor
HadoopJvmHome,LogFactory,adaptor
HadoopRpcHome,HadoopRpc,security
HadoopRpcHome,DatabaseWriter,security
HadoopRpcHome,RestHome,security
HadoopRpcHome,Log,security
HadoopRpcHome,LogFactory,security
MrJobConfHome,MrJobConf,bean
MrJobConfHome,DatabaseWriter,bean
MrJobConfHome,RestHome,bean
MrJobConfHome,Log,bean
MrJobConfHome,LogFactory,bean
MrJobHome,MrJob,adaptor
MrJobHome,DatabaseWriter,adaptor
MrJobHome,RestHome,adaptor
MrJobHome,Log,adaptor
MrJobHome,LogFactory,adaptor
MrTaskHome,MrTask,adaptor
MrTaskHome,DatabaseWriter,adaptor
MrTaskHome,RestHome,adaptor
MrTaskHome,Log,adaptor
MrTaskHome,LogFactory,adaptor
RestHome,ClusterConfig,bean
RestHome,Macro,bean
RestHome,Log,bean
RestHome,LogFactory,bean
SystemMetricsHome,SystemMetrics,adaptor
SystemMetricsHome,DatabaseWriter,adaptor
SystemMetricsHome,RestHome,adaptor
SystemMetricsHome,Log,adaptor
SystemMetricsHome,LogFactory,adaptor
BackfillingLoader,QueueToWriterConnector,adaptor
BackfillingLoader,ChukwaConfiguration,adaptor
BackfillingLoader,Logger,adaptor
BackfillingLoader,Configuration,adaptor
BackfillingLoader,ChunkQueue,adaptor
BackfillingLoader,Connector,adaptor
BackfillingLoader,Adaptor,adaptor
BackfillingLoader,AdaptorException,adaptor
BackfillingLoader,DataFactory,adaptor
BackfillingLoader,ChunkImpl,adaptor
BackfillingLoader,AdaptorFactory,adaptor
BackfillingLoader,AdaptorManager,adaptor
BackfillingLoader,AdaptorShutdownPolicy,adaptor
BackfillingLoader,ChunkReceiver,adaptor
QueueToWriterConnector,SeqFileWriter,adaptor
QueueToWriterConnector,ChukwaWriter,adaptor
QueueToWriterConnector,Chunk,adaptor
QueueToWriterConnector,Connector,adaptor
QueueToWriterConnector,Logger,adaptor
QueueToWriterConnector,Configuration,adaptor
QueueToWriterConnector,ChunkQueue,adaptor
QueueToWriterConnector,ChukwaAgent,adaptor
QueueToWriterConnector,DataFactory,adaptor
QueueToWriterConnector,DaemonWatcher,adaptor
QueueToWriterConnector,ChukwaWriter$CommitStatus,adaptor
QueueToWriterConnector,Adaptor,adaptor
ConstRateAdaptor,ChunkImpl,adaptor
ConstRateAdaptor,AbstractAdaptor,adaptor
ConstRateAdaptor,Configuration,adaptor
ConstRateAdaptor,AdaptorException,adaptor
ConstRateAdaptor,AdaptorShutdownPolicy,adaptor
ConstRateAdaptor,Chunk,adaptor
ConstRateAdaptor,AdaptorManager,adaptor
ConstRateAdaptor,ChunkReceiver,adaptor
ConstRateAdaptor,Adaptor,adaptor
ConstRateValidator,Configuration,io
ConstRateValidator,GenericOptionsParser,io
ConstRateValidator,Job,io
ConstRateValidator,SequenceFileInputFormat,io
ConstRateValidator,ConstRateValidator$MapClass,io
ConstRateValidator,ConstRateValidator$ByteRange,io
ConstRateValidator,NullWritable,io
ConstRateValidator,ConstRateValidator$ReduceClass,io
ConstRateValidator,TextOutputFormat,io
ConstRateValidator,Path,io
ConstRateValidator,Configured,io
ConstRateValidator,Tool,io
ConstRateValidator,ConstRateValidator$ValidatorSM,io
ConstRateValidator,ToolRunner,io
ConstRateValidator,FileInputFormat,io
ConstRateValidator,FileOutputFormat,io
ConstRateValidator$ByteRange,WritableComparable,no_match
ConstRateValidator$ByteRange,ChunkImpl,no_match
ConstRateValidator$ByteRange,ConstRateValidator,no_match
ConstRateValidator$MapClass,ConstRateValidator$ByteRange,no_match
ConstRateValidator$MapClass,FileSplit,no_match
ConstRateValidator$MapClass,ChukwaArchiveKey,no_match
ConstRateValidator$MapClass,ChunkImpl,no_match
ConstRateValidator$MapClass,Mapper,no_match
ConstRateValidator$MapClass,Mapper$Context,no_match
ConstRateValidator$MapClass,InputSplit,no_match
ConstRateValidator$MapClass,NullWritable,no_match
ConstRateValidator$MapClass,ConstRateAdaptor,no_match
ConstRateValidator$MapClass,ConstRateValidator,no_match
ConstRateValidator$MapClass,Path,no_match
ConstRateValidator$MapClass,Counter,no_match
ConstRateValidator$MapClass,Chunk,no_match
ConstRateValidator$ReduceClass,ConstRateValidator$ValidatorSM,no_match
ConstRateValidator$ReduceClass,Text,no_match
ConstRateValidator$ReduceClass,ConstRateValidator$ByteRange,no_match
ConstRateValidator$ReduceClass,Reducer,no_match
ConstRateValidator$ReduceClass,Reducer$Context,no_match
ConstRateValidator$ReduceClass,NullWritable,no_match
ConstRateValidator$ReduceClass,ConstRateValidator,no_match
ConstRateValidator$ReduceClass,Counter,no_match
ConstRateValidator$ValidatorSM,ConstRateValidator$ByteRange,no_match
ConstRateValidator$ValidatorSM,ConstRateValidator,no_match
CreateRecordFile,CreateRecordFile$MockOutputCollector,security
CreateRecordFile,TsProcessor,security
CreateRecordFile,Configuration,security
CreateRecordFile,ChukwaRecordKey,security
CreateRecordFile,ChukwaRecord,security
CreateRecordFile,ChunkImpl,security
CreateRecordFile,ChukwaArchiveKey,security
CreateRecordFile,Path,security
CreateRecordFile,MapProcessor,security
CreateRecordFile,TempFileUtil,security
CreateRecordFile,CreateRecordFile$1,security
CreateRecordFile,FileSystem,security
CreateRecordFile,FSDataOutputStream,security
CreateRecordFile,SequenceFile$Writer,security
CreateRecordFile,SequenceFile$CompressionType,security
CreateRecordFile,SequenceFile,security
CreateRecordFile,CompressionCodec,security
CreateRecordFile,Adaptor,security
CreateRecordFile,Chunk,security
CreateRecordFile,OutputCollector,security
CreateRecordFile,Reporter,security
CreateRecordFile,Writable,security
CreateRecordFile$1,CreateRecordFile,no_match
CreateRecordFile$MockOutputCollector,ChukwaRecordKey,no_match
CreateRecordFile$MockOutputCollector,ChukwaRecord,no_match
CreateRecordFile$MockOutputCollector,OutputCollector,no_match
CreateRecordFile$MockOutputCollector,CreateRecordFile$1,no_match
CreateRecordFile$MockOutputCollector,CreateRecordFile,no_match
DaemonWatcher,PidFile,xml
DatabaseWriter,DataConfig,security
DatabaseWriter,ClusterConfig,security
DatabaseWriter,Log,security
DatabaseWriter,DriverManagerUtil,security
DatabaseWriter,LogFactory,security
DriverManagerUtil,DriverManagerUtil$ConnectionInfo,security
DriverManagerUtil$ConnectionInfo,DriverManagerUtil,no_match
DumpArchive,ChukwaConfiguration,security
DumpArchive,Path,security
DumpArchive,SequenceFile$Reader,security
DumpArchive,ChukwaArchiveKey,security
DumpArchive,FileSystem,security
DumpArchive,Configuration,security
DumpArchive,ChunkImpl,security
DumpArchive,FileUtil,security
DumpArchive,SequenceFile,security
DumpArchive,LocalFileSystem,security
DumpArchive,FileStatus,security
DumpArchive,Writable,security
DumpChunks,ChukwaConfiguration,io
DumpChunks,Filter,io
DumpChunks,Path,io
DumpChunks,DumpChunks$DumpAndSummarize,io
DumpChunks,DumpChunks$DumpNoSort,io
DumpChunks,SequenceFile$Reader,io
DumpChunks,ChukwaArchiveKey,io
DumpChunks,ChunkImpl,io
DumpChunks,Configuration,io
DumpChunks,FileSystem,io
DumpChunks,FileUtil,io
DumpChunks,SequenceFile,io
DumpChunks,LocalFileSystem,io
DumpChunks,FileStatus,io
DumpChunks,Writable,io
DumpChunks,Chunk,io
DumpChunks$DumpAndSummarize,DumpChunks,no_match
DumpChunks$DumpAndSummarize,ChunkImpl,no_match
DumpChunks$DumpNoSort,DumpChunks,no_match
DumpChunks$DumpNoSort,ChunkImpl,no_match
DumpRecord,ChukwaConfiguration,security
DumpRecord,SequenceFile$Reader,security
DumpRecord,Path,security
DumpRecord,ChukwaRecordKey,security
DumpRecord,ChukwaRecord,security
DumpRecord,FileSystem,security
DumpRecord,SequenceFile,security
DumpRecord,Configuration,security
DumpRecord,Writable,security
Filter,Filter$SearchRule,security
Filter,Filter$MatchAll,security
Filter,Chunk,security
Filter,ArrayUtils,security
Filter$MatchAll,Filter,no_match
Filter$MatchAll,Chunk,no_match
Filter$SearchRule,Filter,no_match
Filter$SearchRule,Chunk,no_match
Filter$SearchRule,RecordUtil,no_match
MaxRateSender,ChunkImpl,adaptor
MaxRateSender,Adaptor,adaptor
MaxRateSender,ChunkReceiver,adaptor
MaxRateSender,AdaptorException,adaptor
MaxRateSender,AdaptorManager,adaptor
MaxRateSender,AdaptorShutdownPolicy,adaptor
MaxRateSender,Chunk,adaptor
NagiosHelper,Nsca,bean
NagiosHelper,Logger,bean
PidFile,Log,io
PidFile,LogFactory,io
TempFileUtil,ChukwaArchiveKey,io
TempFileUtil,ChunkImpl,io
TempFileUtil,TempFileUtil$RandSeqFileWriter,io
TempFileUtil,Configuration,io
TempFileUtil,FileSystem,io
TempFileUtil,Path,io
TempFileUtil,FSDataOutputStream,io
TempFileUtil,SequenceFile$Writer,io
TempFileUtil,SequenceFile$CompressionType,io
TempFileUtil,SequenceFile,io
TempFileUtil,CompressionCodec,io
TempFileUtil,Writable,io
TempFileUtil$RandSeqFileWriter,ChunkImpl,no_match
TempFileUtil$RandSeqFileWriter,TempFileUtil,no_match
TempFileUtil$RandSeqFileWriter,Adaptor,no_match
WatchDog,DatabaseConfig,adaptor
WatchDog,DatabaseWriter,adaptor
WatchDog,Log,adaptor
WatchDog,LogFactory,adaptor
XssFilter,HTMLInputFilter,security
XssFilter,Log,security
XssFilter,LogFactory,security
ChukwaJobTrackerInstrumentation,ChukwaAgentController,adaptor
ChukwaJobTrackerInstrumentation,JobTrackerInstrumentation,adaptor
ChukwaJobTrackerInstrumentation,JobTrackerMetricsInst,adaptor
ChukwaJobTrackerInstrumentation,JobTracker,adaptor
ChukwaJobTrackerInstrumentation,Log,adaptor
ChukwaJobTrackerInstrumentation,JobID,adaptor
ChukwaJobTrackerInstrumentation,JobConf,adaptor
ChukwaJobTrackerInstrumentation,Path,adaptor
ChukwaJobTrackerInstrumentation,TaskAttemptID,adaptor
ChukwaJobTrackerInstrumentation,MetricsContext,adaptor
ChukwaJobTrackerInstrumentation,JobHistory$JobInfo,adaptor
ChukwaJobTrackerInstrumentation,LogFactory,adaptor
ChukwaJobTrackerInstrumentation,JobHistory,adaptor
ChukwaJobTrackerInstrumentation,ChukwaAgentController$Adaptor,adaptor
AbstractMetricsContext,AbstractMetricsContext$RecordMap,security
AbstractMetricsContext,MetricsRecordImpl,security
AbstractMetricsContext,AbstractMetricsContext$1,security
AbstractMetricsContext,Updater,security
AbstractMetricsContext,OutputRecord,security
AbstractMetricsContext,AbstractMetricsContext$TagMap,security
AbstractMetricsContext,AbstractMetricsContext$MetricMap,security
AbstractMetricsContext,MetricValue,security
AbstractMetricsContext,MetricsException,security
AbstractMetricsContext,MetricsContext,security
AbstractMetricsContext,ContextFactory,security
AbstractMetricsContext,MetricsRecord,security
AbstractMetricsContext$1,AbstractMetricsContext,no_match
AbstractMetricsContext$MetricMap,AbstractMetricsContext,no_match
AbstractMetricsContext$RecordMap,AbstractMetricsContext$TagMap,no_match
AbstractMetricsContext$RecordMap,AbstractMetricsContext$MetricMap,no_match
AbstractMetricsContext$RecordMap,AbstractMetricsContext,no_match
AbstractMetricsContext$TagMap,AbstractMetricsContext,no_match
